SERIAL,MANUFACTURER,MODEL,SIZE_INCH,RESOLUTION,CONNECTOR,ATTACHED_TO
DMXUMX6M5R,Dell,P2419H,24,1920x1080,HDMI,PRODESK-VZ-0779
DMLHLAEBWC,Dell,P2719H,27,1920x1080,HDMI,THINKCENTRE-VZ-0600
HMW5RVESRY,HP,Z24n G2,24,1920x1200,DVI,PROONE-RB-0511
HMXC4RY43T,HP,Z24n G2,24,1920x1200,DisplayPort,PRODESK-RB-0437
DMAWA62E7Q,Dell,U2415,24,1920x1200,VGA,PRODESK-RB-0783
DMZRK2MVSB,Dell,P2719H,27,1920x1080,VGA,OPTIPLEX-VZ-0354
DMC3XCNHVS,Dell,P2419H,24,1920x1080,DisplayPort,OPTIPLEX-VZ-0706
DM23K4PNGC,Dell,P2719H,27,1920x1080,DisplayPort,PRODESK-RB-0628
HMMB334THN,HP,Z24n G2,24,1920x1200,VGA,OPTIPLEX-VZ-0807
DM8GCM9NXD,Dell,U2415,24,1920x1200,DisplayPort,LATITUDE-VZ-0998
DMVKFW37QS,Dell,P2419H,24,1920x1080,DisplayPort,ELITEDESK-RB-0040
DM7S3KQE7C,Dell,P2719H,27,1920x1080,DVI,LATITUDE-RB-0313
HMC6SDZDAS,HP,E24 G4,24,1920x1080,DisplayPort,ALLINONE-RB-0173
HMDGBNCQXF,HP,Z24n G2,24,1920x1200,VGA,OPTIPLEX-RB-0024
DMK2QZDENW,Dell,P2719H,27,1920x1080,HDMI,OPTIPLEX-RB-0642
DMJQLJD5HV,Dell,P2719H,27,1920x1080,DisplayPort,OPTIPLEX-RB-0818
DMQ4Y45VJK,Dell,P2419H,24,1920x1080,HDMI,OPTIPLEX-RB-0535
HML4AYE6S8,HP,Z24n G2,24,1920x1200,DisplayPort,THINKCENTRE-RB-0990
HMLD97AGMA,HP,Z24n G2,24,1920x1200,VGA,OPTIPLEX-RB-0487
HMH5C62N3Q,HP,Z24n G2,24,1920x1200,DisplayPort,OPTIPLEX-VZ-0439
DM2DKZBGX3,Dell,U2415,24,1920x1200,DVI,PRODESK-RB-0729
HM3GLVZDEY,HP,Z24n G2,24,1920x1200,VGA,LATITUDE-RB-0370
DMM53A6VC3,Dell,U2415,24,1920x1200,VGA,PRODESK-RB-0258
HM3F3FAS9D,HP,E24 G4,24,1920x1080,HDMI,OPTIPLEX-RB-0629
DMW2GTJGXF,Dell,P2419H,24,1920x1080,HDMI,OPTIPLEX-RB-0786
HMF7BA4JTY,HP,E24 G4,24,1920x1080,DVI,PRODESK-RB-0542
HM686D7JRP,HP,E24 G4,24,1920x1080,DisplayPort,THINKCENTRE-RB-0837
HM9R3NKKC4,HP,Z24n G2,24,1920x1200,DisplayPort,OPTIPLEX-RB-0742
DM68W8GCDN,Dell,P2719H,27,1920x1080,DVI,OPTIPLEX-RB-0727
HMADTKTPUW,HP,Z24n G2,24,1920x1200,VGA,ALLINONE-VZ-0462
DMJWZ6CETJ,Dell,P2719H,27,1920x1080,VGA,OPTIPLEX-RB-0562
DMRSW9SZVL,Dell,P2719H,27,1920x1080,DVI,OPTIPLEX-VZ-0865
DMUFEZ4257,Dell,P2719H,27,1920x1080,HDMI,OPTIPLEX-RB-0567
HMCKWFK6PU,HP,Z24n G2,24,1920x1200,VGA,THINKCENTRE-RB-0121
HMEMYQVPHG,HP,E24 G4,24,1920x1080,HDMI,OPTIPLEX-RB-0917
DMJHTGW382,Dell,P2719H,27,1920x1080,DisplayPort,THINKPAD-VZ-0397
HMZ94QS7V3,HP,Z24n G2,24,1920x1200,DVI,LATITUDE-VZ-0649
DM7SH9UQXE,Dell,U2415,24,1920x1200,VGA,PROONE-RB-0429
DMAQVJ36HX,Dell,P2719H,27,1920x1080,DisplayPort,LATITUDE-VZ-0191
HMQX9WTH9Y,HP,Z24n G2,24,1920x1200,VGA,ALLINONE-RB-0892
DMQZ7MEUJZ,Dell,P2719H,27,1920x1080,HDMI,PRODESK-VZ-0393
DM4F6XKE3M,Dell,P2419H,24,1920x1080,DisplayPort,PROONE-VZ-0765
DMJKCKZXLT,Dell,P2719H,27,1920x1080,VGA,ELITEDESK-RB-0627
DM4KCB4HVH,Dell,U2415,24,1920x1200,DisplayPort,ELITEDESK-VZ-0609
DML6W3ANFK,Dell,P2719H,27,1920x1080,DisplayPort,ALLINONE-VZ-0838
DM6VPGUPQS,Dell,P2419H,24,1920x1080,DVI,OPTIPLEX-VZ-0755
DMZHDNV358,Dell,U2415,24,1920x1200,DVI,
DMXWC9NY7W,Dell,P2719H,27,1920x1080,DisplayPort,ELITEDESK-RB-0357
HMQTNTPHAG,HP,E24 G4,24,1920x1080,HDMI,OPTIPLEX-RB-0805
DM4RMJCUTX,Dell,P2719H,27,1920x1080,DVI,OPTIPLEX-VZ-0795
DM79AQQF29,Dell,P2419H,24,1920x1080,VGA,OPTIPLEX-RB-0849
HM2CLQ6TFA,HP,Z24n G2,24,1920x1200,VGA,OPTIPLEX-VZ-0249
DMWW9B8LZN,Dell,P2419H,24,1920x1080,DVI,PRODESK-RB-0028
HMNYUL9GT6,HP,E24 G4,24,1920x1080,VGA,
DMK6238FVR,Dell,P2419H,24,1920x1080,DisplayPort,OPTIPLEX-RB-0181
DMSGCPEHA3,Dell,U2415,24,1920x1200,DVI,PRODESK-VZ-0810
DMD3Z6GNGC,Dell,P2419H,24,1920x1080,VGA,PRODESK-VZ-0850
DM3WZ2RUAY,Dell,P2719H,27,1920x1080,VGA,PRODESK-RB-0355
DME2Z7YGQ6,Dell,P2419H,24,1920x1080,HDMI,PROONE-RB-0560
HM6G6ANL9E,HP,E24 G4,24,1920x1080,HDMI,OPTIPLEX-VZ-0682
HMVVE399T6,HP,E24 G4,24,1920x1080,DVI,OPTIPLEX-VZ-0688
DMG4X9MTCN,Dell,P2419H,24,1920x1080,HDMI,ELITEDESK-RB-0132
DMKP5EDVSH,Dell,U2415,24,1920x1200,VGA,OPTIPLEX-RB-0395
DMB8X5VEAQ,Dell,P2719H,27,1920x1080,VGA,LATITUDE-VZ-0191
HMDDEFHQPP,HP,Z24n G2,24,1920x1200,DVI,OPTIPLEX-RB-0110
HMNYME573Z,HP,E24 G4,24,1920x1080,DisplayPort,LATITUDE-VZ-0736
HMJLSAY2FM,HP,Z24n G2,24,1920x1200,HDMI,OPTIPLEX-VZ-0137
DM8B4FQULH,Dell,U2415,24,1920x1200,DVI,OPTIPLEX-VZ-0422
DM9CWKM76R,Dell,P2719H,27,1920x1080,VGA,LATITUDE-RB-0808
DMF2BJMNZ9,Dell,P2719H,27,1920x1080,DVI,
DM5439HCLR,Dell,P2419H,24,1920x1080,DVI,OPTIPLEX-VZ-0413
DMKTEWUDCK,Dell,P2719H,27,1920x1080,DVI,ELITEDESK-RB-0677
HMYJK7RZP3,HP,Z24n G2,24,1920x1200,DisplayPort,PROONE-RB-0996
HM69GG8RYA,HP,E24 G4,24,1920x1080,VGA,OPTIPLEX-RB-0231
HMV8PL96ZG,HP,E24 G4,24,1920x1080,HDMI,THINKCENTRE-VZ-0941
DMRSDWTS8X,Dell,P2419H,24,1920x1080,DVI,PROONE-RB-0469
DMQS2T4RNH,Dell,P2719H,27,1920x1080,DisplayPort,LATITUDE-RB-0222
DMHWNNSVD9,Dell,P2719H,27,1920x1080,DisplayPort,PRODESK-RB-0473
DMEAMDNMGQ,Dell,P2419H,24,1920x1080,DVI,OPTIPLEX-RB-0869
HMRCNECFPA,HP,E24 G4,24,1920x1080,DisplayPort,PRODESK-RB-0100
HMV8UH2SMG,HP,E24 G4,24,1920x1080,VGA,
HMGBFBT7AD,HP,E24 G4,24,1920x1080,DisplayPort,OPTIPLEX-VZ-0612
HM64UUFJ9X,HP,E24 G4,24,1920x1080,DisplayPort,OPTIPLEX-RB-0383
DMUEJ346WW,Dell,P2719H,27,1920x1080,DVI,LATITUDE-RB-0669
HMKUEGS25W,HP,E24 G4,24,1920x1080,VGA,PRODESK-VZ-0563
DM6G2GTRF9,Dell,U2415,24,1920x1200,VGA,PRODESK-VZ-0296
DM87N997T3,Dell,P2719H,27,1920x1080,HDMI,LATITUDE-VZ-0361
DMMG44NQMU,Dell,P2419H,24,1920x1080,VGA,
HM9STXE8KN,HP,Z24n G2,24,1920x1200,HDMI,OPTIPLEX-VZ-0847
HMEKZAG93S,HP,E24 G4,24,1920x1080,DVI,OPTIPLEX-RB-0668
HMUVQU5SHH,HP,Z24n G2,24,1920x1200,VGA,OPTIPLEX-RB-0466
HMXP2XRKYJ,HP,E24 G4,24,1920x1080,HDMI,OPTIPLEX-VZ-0318
DMPC97AZX2,Dell,P2719H,27,1920x1080,DisplayPort,OPTIPLEX-VZ-0807
HMFM7VCEKR,HP,E24 G4,24,1920x1080,VGA,THINKCENTRE-RB-0738
HMP8CSTGVS,HP,Z24n G2,24,1920x1200,DisplayPort,OPTIPLEX-RB-0038
DM2U2JA2MX,Dell,P2719H,27,1920x1080,HDMI,ELITEDESK-VZ-0201
HM4ZQVA3J7,HP,E24 G4,24,1920x1080,DVI,ALLINONE-RB-0855
DMMRKHAXGT,Dell,P2719H,27,1920x1080,HDMI,LATITUDE-RB-0003
HMD2M39TKG,HP,Z24n G2,24,1920x1200,VGA,OPTIPLEX-RB-0741
DM57ENKVZ3,Dell,P2719H,27,1920x1080,DVI,PRODESK-RB-0172
HMLRZP6P8H,HP,E24 G4,24,1920x1080,DVI,
DM6AMSC796,Dell,P2719H,27,1920x1080,DVI,OPTIPLEX-RB-0225
HMF6ZNNYAA,HP,E24 G4,24,1920x1080,DisplayPort,LATITUDE-VZ-0369
DMU3YDG8YT,Dell,P2419H,24,1920x1080,DisplayPort,
DMPNKZM2B6,Dell,P2719H,27,1920x1080,VGA,PRODESK-VZ-0375
HMT9E9FALG,HP,E24 G4,24,1920x1080,HDMI,PRODESK-VZ-0563
HMXW93Y2MU,HP,E24 G4,24,1920x1080,DVI,LATITUDE-VZ-0250
DM5VNJFT6F,Dell,P2719H,27,1920x1080,DisplayPort,OPTIPLEX-VZ-0153
HMPLVXKWE9,HP,E24 G4,24,1920x1080,HDMI,OPTIPLEX-RB-0704
DMKUE6385V,Dell,U2415,24,1920x1200,HDMI,LATITUDE-RB-0367
HMETN6Y8T8,HP,E24 G4,24,1920x1080,DVI,LATITUDE-VZ-0580
DMDWFETMAJ,Dell,P2419H,24,1920x1080,DisplayPort,PRODESK-VZ-0375
DMQ2FQ6TTV,Dell,P2719H,27,1920x1080,DisplayPort,LATITUDE-RB-0603
HMKBAXE8Z3,HP,E24 G4,24,1920x1080,HDMI,OPTIPLEX-RB-0229
DMA3JJSBTN,Dell,P2719H,27,1920x1080,VGA,OPTIPLEX-VZ-0576
HM8SKTM7MK,HP,Z24n G2,24,1920x1200,DisplayPort,OPTIPLEX-RB-0199
HM8KLUY9SD,HP,Z24n G2,24,1920x1200,DVI,
HMMZPQXZVD,HP,E24 G4,24,1920x1080,VGA,LATITUDE-VZ-0416
HM3788YJFX,HP,E24 G4,24,1920x1080,VGA,OPTIPLEX-RB-0502
DM7WZ7WMKV,Dell,P2419H,24,1920x1080,DisplayPort,OPTIPLEX-RB-0915
DMJYNT5STY,Dell,P2419H,24,1920x1080,HDMI,OPTIPLEX-RB-0515
HMSCRL5TXL,HP,E24 G4,24,1920x1080,HDMI,OPTIPLEX-VZ-0877
HMR6QDEVUJ,HP,E24 G4,24,1920x1080,VGA,
DMSRQT6ESK,Dell,U2415,24,1920x1200,DVI,LATITUDE-RB-0687
HMN5LNTLF2,HP,Z24n G2,24,1920x1200,HDMI,ALLINONE-VZ-0746
HMM53F25V7,HP,E24 G4,24,1920x1080,DVI,LATITUDE-VZ-0936
HM6QBLDLXE,HP,E24 G4,24,1920x1080,VGA,ALLINONE-VZ-0984
DMRPC6D9P4,Dell,U2415,24,1920x1200,HDMI,OPTIPLEX-RB-0432
DM2W6ANCDZ,Dell,P2419H,24,1920x1080,VGA,
DMZJ3M92E6,Dell,U2415,24,1920x1200,VGA,OPTIPLEX-RB-0168
DMA32LH9DL,Dell,P2419H,24,1920x1080,DVI,THINKCENTRE-VZ-0176
HM3HK7TGAB,HP,E24 G4,24,1920x1080,HDMI,
DMA9QM46H7,Dell,P2419H,24,1920x1080,DVI,THINKCENTRE-RB-0760
HMJ94UFXMB,HP,Z24n G2,24,1920x1200,VGA,OPTIPLEX-VZ-0023
DMPLSTJYHK,Dell,P2419H,24,1920x1080,DVI,OPTIPLEX-VZ-0755
DMFUTRAXKB,Dell,P2719H,27,1920x1080,DisplayPort,ELITEDESK-RB-0022
DMWL47GUT8,Dell,U2415,24,1920x1200,DVI,ELITEDESK-VZ-0125
HMF2X9GZST,HP,E24 G4,24,1920x1080,HDMI,LATITUDE-RB-0322
HMH6XMGYZ5,HP,E24 G4,24,1920x1080,HDMI,OPTIPLEX-VZ-0230
DMLZQ6KPJP,Dell,U2415,24,1920x1200,DVI,ELITEDESK-VZ-0931
DM2FVVUUWC,Dell,P2419H,24,1920x1080,DVI,PRODESK-VZ-0982
DMDX5X52T3,Dell,P2719H,27,1920x1080,DVI,PROONE-VZ-0325
DM2GLCVDWD,Dell,P2719H,27,1920x1080,VGA,OPTIPLEX-RB-0232
HMSFVSHZTG,HP,Z24n G2,24,1920x1200,DisplayPort,LATITUDE-RB-0969
DMCPAWQ5QV,Dell,U2415,24,1920x1200,VGA,OPTIPLEX-VZ-0803
DMF3QPRE24,Dell,U2415,24,1920x1200,DVI,OPTIPLEX-RB-0074
HMAJ2YAWJX,HP,E24 G4,24,1920x1080,DVI,LATITUDE-VZ-0767
HMMBGYKWBB,HP,Z24n G2,24,1920x1200,DisplayPort,ELITEDESK-VZ-0382
DM3C3D37CA,Dell,P2719H,27,1920x1080,DisplayPort,THINKCENTRE-VZ-0460
DMHPGSHKQA,Dell,U2415,24,1920x1200,DVI,OPTIPLEX-VZ-0006
DMFNFUU86W,Dell,U2415,24,1920x1200,HDMI,PRODESK-VZ-0554
HMN9EQ9W2N,HP,E24 G4,24,1920x1080,DVI,
DM8Q5G36QT,Dell,U2415,24,1920x1200,HDMI,ALLINONE-VZ-0476
HMN9S7KHZ7,HP,E24 G4,24,1920x1080,VGA,OPTIPLEX-RB-0204
HMVY46XLDA,HP,E24 G4,24,1920x1080,HDMI,OPTIPLEX-RB-0037
DM6UPVKR5C,Dell,P2419H,24,1920x1080,DisplayPort,LATITUDE-VZ-0191
DMU8F48K6W,Dell,U2415,24,1920x1200,HDMI,ELITEDESK-VZ-0335
DMXKS7G5HD,Dell,U2415,24,1920x1200,HDMI,PRODESK-RB-0633
DMZGT6DBJY,Dell,U2415,24,1920x1200,DisplayPort,OPTIPLEX-RB-0909
HMNY6MLXU4,HP,E24 G4,24,1920x1080,HDMI,PRODESK-VZ-0346
HM4RAA3XQU,HP,Z24n G2,24,1920x1200,DVI,OPTIPLEX-VZ-0724
DMW95NFZKT,Dell,U2415,24,1920x1200,HDMI,PRODESK-VZ-0554
HMZQEDB9NL,HP,Z24n G2,24,1920x1200,HDMI,
DMFF6GSKVX,Dell,P2419H,24,1920x1080,VGA,LATITUDE-VZ-0494
HMYJ7Y4KPM,HP,Z24n G2,24,1920x1200,VGA,ALLINONE-VZ-0935
HMCF988G9N,HP,Z24n G2,24,1920x1200,DVI,LATITUDE-VZ-0580
HM7EXET5KA,HP,Z24n G2,24,1920x1200,DisplayPort,LATITUDE-RB-0966
DMGZNAXZ2L,Dell,P2719H,27,1920x1080,DVI,ELITEDESK-VZ-0609
HMCRMGZ34D,HP,E24 G4,24,1920x1080,VGA,PROONE-VZ-0417
DM636FHU23,Dell,U2415,24,1920x1200,DVI,OPTIPLEX-RB-0074
DMYEHS9EQA,Dell,P2419H,24,1920x1080,DisplayPort,ALLINONE-RB-0647
DMUP24ZRGD,Dell,U2415,24,1920x1200,VGA,PROONE-RB-0646
DME5YEBDV4,Dell,P2419H,24,1920x1080,DVI,OPTIPLEX-VZ-0928
DMN4JLPQEG,Dell,U2415,24,1920x1200,HDMI,OPTIPLEX-VZ-0006
DMPCJLT6LT,Dell,P2419H,24,1920x1080,DVI,LATITUDE-VZ-0470
HM7S22ZV66,HP,E24 G4,24,1920x1080,DVI,OPTIPLEX-RB-0461
DMFRJ6EZ4K,Dell,P2419H,24,1920x1080,VGA,OPTIPLEX-VZ-0084
DMJC9VBXP6,Dell,P2719H,27,1920x1080,HDMI,ALLINONE-VZ-0035
HMLMAUSC9R,HP,Z24n G2,24,1920x1200,HDMI,ALLINONE-RB-0802
DMX6F99DRA,Dell,P2419H,24,1920x1080,HDMI,OPTIPLEX-VZ-0588
DMYN9HA38T,Dell,P2719H,27,1920x1080,DVI,THINKPAD-VZ-0880
HMNCRQY6N6,HP,Z24n G2,24,1920x1200,DVI,PRODESK-VZ-0123
HMRHWU5J3S,HP,E24 G4,24,1920x1080,DVI,ALLINONE-RB-0647
DMYA7PFFZQ,Dell,P2419H,24,1920x1080,VGA,OPTIPLEX-RB-0915
HMDZ8Z3UUW,HP,Z24n G2,24,1920x1200,DVI,PRODESK-VZ-0414
HMPYYUGJ7D,HP,Z24n G2,24,1920x1200,VGA,OPTIPLEX-RB-0410
HM6UT7DA4F,HP,Z24n G2,24,1920x1200,DVI,LATITUDE-RB-0731
DMU4J8HFS5,Dell,P2719H,27,1920x1080,HDMI,
DMDEP772J8,Dell,P2719H,27,1920x1080,HDMI,OPTIPLEX-RB-0178
DM5HLSZAZS,Dell,P2419H,24,1920x1080,DisplayPort,OPTIPLEX-RB-0498
DMPEWU4DCS,Dell,P2719H,27,1920x1080,DVI,ELITEDESK-VZ-0931
DMQG2EECL9,Dell,U2415,24,1920x1200,DVI,ELITEDESK-VZ-0125
DM98LXS76A,Dell,P2419H,24,1920x1080,DisplayPort,PRODESK-RB-0407
HMZT9HZG9F,HP,Z24n G2,24,1920x1200,HDMI,OPTIPLEX-RB-0798
DM2P6HMG3E,Dell,U2415,24,1920x1200,HDMI,PROONE-RB-0560
DMKPJJK9GN,Dell,U2415,24,1920x1200,DVI,OPTIPLEX-RB-0567
DM7YRKQ9U5,Dell,P2419H,24,1920x1080,DVI,THINKCENTRE-VZ-0223
HM5DYNPQ9H,HP,E24 G4,24,1920x1080,DisplayPort,OPTIPLEX-VZ-0807
HMJPEP8E8G,HP,E24 G4,24,1920x1080,HDMI,PROONE-RB-0891
HMN52NFVJM,HP,E24 G4,24,1920x1080,HDMI,OPTIPLEX-RB-0751
DMDA8R2XCT,Dell,P2719H,27,1920x1080,DisplayPort,THINKCENTRE-RB-0119
DMU47M8BDG,Dell,U2415,24,1920x1200,DVI,OPTIPLEX-VZ-0333
DMSXK7EP72,Dell,P2419H,24,1920x1080,VGA,OPTIPLEX-RB-0271
DM2GMSN4YL,Dell,P2419H,24,1920x1080,DVI,LATITUDE-RB-0934
HM2BBYRS9Q,HP,E24 G4,24,1920x1080,HDMI,PRODESK-RB-0018
HMF95C3UDJ,HP,E24 G4,24,1920x1080,DVI,OPTIPLEX-RB-0275
DMBTAZ66EX,Dell,U2415,24,1920x1200,DisplayPort,ALLINONE-RB-0334
HM2EXPZ7UY,HP,Z24n G2,24,1920x1200,VGA,OPTIPLEX-VZ-0851
DM5BB3JYN3,Dell,P2719H,27,1920x1080,HDMI,LATITUDE-RB-0184
DMB5WRXJ5V,Dell,U2415,24,1920x1200,VGA,OPTIPLEX-RB-0160
HM4DUWSS2H,HP,Z24n G2,24,1920x1200,DisplayPort,OPTIPLEX-VZ-0638
HMZR5XLDVX,HP,Z24n G2,24,1920x1200,VGA,OPTIPLEX-VZ-0287
DMKNFEHUQ9,Dell,P2719H,27,1920x1080,DisplayPort,PRODESK-VZ-0182
HMDE3HSX8N,HP,Z24n G2,24,1920x1200,DVI,THINKPAD-VZ-0397
HM46AXMJDG,HP,Z24n G2,24,1920x1200,DisplayPort,OPTIPLEX-VZ-0856
HM4KTKWBJ3,HP,Z24n G2,24,1920x1200,DisplayPort,OPTIPLEX-RB-0504
DMZZW9Z72X,Dell,U2415,24,1920x1200,DVI,OPTIPLEX-VZ-0118
HMJYUEYYWM,HP,E24 G4,24,1920x1080,DisplayPort,PROONE-RB-0560
DMMULZUJU8,Dell,P2719H,27,1920x1080,VGA,OPTIPLEX-RB-0909
HM3E3K59WX,HP,Z24n G2,24,1920x1200,DVI,LATITUDE-VZ-0183
HM5K6SA9C7,HP,Z24n G2,24,1920x1200,VGA,PRODESK-RB-0678
DM8LKC8PEZ,Dell,U2415,24,1920x1200,HDMI,OPTIPLEX-VZ-0863
DM5ZKVCXGK,Dell,P2419H,24,1920x1080,DisplayPort,OPTIPLEX-VZ-0029
DM9TPW3VKE,Dell,P2419H,24,1920x1080,DisplayPort,
DMNFHDG87Q,Dell,U2415,24,1920x1200,DVI,OPTIPLEX-VZ-0116
DMF66PVWML,Dell,P2419H,24,1920x1080,VGA,ALLINONE-VZ-0465
DMAJKP4B3R,Dell,P2419H,24,1920x1080,DVI,LATITUDE-VZ-0082
HMLX48KLEU,HP,E24 G4,24,1920x1080,DisplayPort,PROONE-RB-0963
DMF7R6MTZ8,Dell,P2419H,24,1920x1080,DVI,OPTIPLEX-VZ-0604
HM8XXFHRM7,HP,E24 G4,24,1920x1080,DisplayPort,PRODESK-RB-0258
HMMKKAB34V,HP,Z24n G2,24,1920x1200,VGA,OPTIPLEX-VZ-0283
HMA75ENJKV,HP,Z24n G2,24,1920x1200,HDMI,OPTIPLEX-VZ-0413
DM98WCSPP5,Dell,P2419H,24,1920x1080,DisplayPort,
DMDEVZ5V2N,Dell,P2719H,27,1920x1080,VGA,PROONE-RB-0264
HMBYXXP96Z,HP,E24 G4,24,1920x1080,HDMI,OPTIPLEX-RB-0498
DM8P876VJZ,Dell,U2415,24,1920x1200,DVI,
DMKDNZDTP9,Dell,U2415,24,1920x1200,DisplayPort,OPTIPLEX-VZ-0236
DMWDA8YUSE,Dell,U2415,24,1920x1200,HDMI,ALLINONE-RB-0173
DM7WY7SBAY,Dell,P2719H,27,1920x1080,HDMI,ELITEDESK-RB-0099
DMYW58QBQ8,Dell,P2719H,27,1920x1080,HDMI,OPTIPLEX-RB-0282
DMJUKA5GWJ,Dell,P2419H,24,1920x1080,VGA,OPTIPLEX-VZ-0062
HM6HWAC9C2,HP,Z24n G2,24,1920x1200,DVI,LATITUDE-VZ-0485
HMYZ5TEX9H,HP,Z24n G2,24,1920x1200,HDMI,OPTIPLEX-RB-0684
DMPHC6W6V5,Dell,U2415,24,1920x1200,DisplayPort,PRODESK-VZ-0202
HMQFNPZ6ZF,HP,Z24n G2,24,1920x1200,HDMI,
HMY7KG5SFK,HP,Z24n G2,24,1920x1200,HDMI,ELITEDESK-VZ-0815
DMNRJU2TS8,Dell,U2415,24,1920x1200,DisplayPort,OPTIPLEX-VZ-0108
HMM687FR3Y,HP,E24 G4,24,1920x1080,VGA,OPTIPLEX-VZ-0256
DMSSMBJU4R,Dell,P2419H,24,1920x1080,DVI,OPTIPLEX-VZ-0148
HMVURR36X4,HP,E24 G4,24,1920x1080,VGA,OPTIPLEX-VZ-0573
HM94SJBX3W,HP,E24 G4,24,1920x1080,DVI,PRODESK-RB-0960
DMKJ2YLNCC,Dell,P2719H,27,1920x1080,DVI,LATITUDE-RB-0762
DMQ3DC2XAS,Dell,P2419H,24,1920x1080,HDMI,ALLINONE-VZ-0450
DMS9Z44XTW,Dell,U2415,24,1920x1200,DisplayPort,OPTIPLEX-RB-0096
HM87VFP5TL,HP,Z24n G2,24,1920x1200,VGA,LATITUDE-RB-0221
DMHJ5ZU5PF,Dell,U2415,24,1920x1200,DVI,ALLINONE-RB-0908
DMAJB5LSQM,Dell,P2419H,24,1920x1080,DisplayPort,PROONE-VZ-0325
DMRM325Y7H,Dell,P2419H,24,1920x1080,DisplayPort,
DMZKYMDWKZ,Dell,P2719H,27,1920x1080,VGA,OPTIPLEX-VZ-0796
DMBHWK6GDF,Dell,P2719H,27,1920x1080,VGA,PRODESK-RB-0113
DMAFDXC5X3,Dell,P2419H,24,1920x1080,DisplayPort,THINKCENTRE-RB-0246
DMACJQE3D3,Dell,P2419H,24,1920x1080,VGA,PROONE-RB-0511
HMGXFYEZGD,HP,E24 G4,24,1920x1080,VGA,ELITEDESK-RB-0871
DMLD9SHALY,Dell,P2419H,24,1920x1080,HDMI,OPTIPLEX-RB-0599
HM972J7QGM,HP,Z24n G2,24,1920x1200,HDMI,OPTIPLEX-RB-0424
DM46EDRN65,Dell,U2415,24,1920x1200,VGA,ALLINONE-VZ-0171
HMBCEGTK7A,HP,E24 G4,24,1920x1080,DisplayPort,OPTIPLEX-RB-0282
DMBPGCTVLV,Dell,U2415,24,1920x1200,HDMI,OPTIPLEX-RB-0282
DMJ8M7QDRH,Dell,P2419H,24,1920x1080,HDMI,
HMDX4U4S4E,HP,Z24n G2,24,1920x1200,HDMI,THINKPAD-RB-0188
DMKURAAXEL,Dell,U2415,24,1920x1200,DisplayPort,OPTIPLEX-RB-0468
HMJV47ADZN,HP,Z24n G2,24,1920x1200,VGA,OPTIPLEX-RB-0169
DMHA33QXU8,Dell,U2415,24,1920x1200,DisplayPort,
DMW2BXNLCM,Dell,P2419H,24,1920x1080,DVI,OPTIPLEX-RB-0613
HMNLC7JDP5,HP,Z24n G2,24,1920x1200,HDMI,ALLINONE-RB-0581
DM374PWN8H,Dell,P2719H,27,1920x1080,VGA,PRODESK-VZ-0296
HMWM5ELQ4T,HP,E24 G4,24,1920x1080,HDMI,PROONE-VZ-0122
HMKPZB3574,HP,E24 G4,24,1920x1080,HDMI,PROONE-VZ-0615
HMZUV6HSLD,HP,Z24n G2,24,1920x1200,DisplayPort,OPTIPLEX-VZ-0536
DM3HW7FJN3,Dell,P2419H,24,1920x1080,HDMI,
HMKS73MW6H,HP,Z24n G2,24,1920x1200,DVI,LATITUDE-RB-0603
DMUC2LT2FM,Dell,U2415,24,1920x1200,VGA,OPTIPLEX-RB-0748
HMREBXXV9K,HP,E24 G4,24,1920x1080,VGA,PRODESK-RB-0628
HMELQHX59N,HP,E24 G4,24,1920x1080,HDMI,ALLINONE-VZ-0512
DM7RJ93SJU,Dell,P2419H,24,1920x1080,DVI,OPTIPLEX-VZ-0897
HME4RHELXP,HP,Z24n G2,24,1920x1200,HDMI,THINKCENTRE-VZ-0147
HMQDTFCQMY,HP,E24 G4,24,1920x1080,DisplayPort,OPTIPLEX-VZ-0877
HM2PM68JVS,HP,E24 G4,24,1920x1080,HDMI,OPTIPLEX-RB-0282
DMVX8CLNV7,Dell,P2719H,27,1920x1080,DisplayPort,THINKPAD-VZ-0675
HMSZ2G7WQW,HP,Z24n G2,24,1920x1200,HDMI,OPTIPLEX-VZ-0752
DMW5U35EN3,Dell,P2719H,27,1920x1080,VGA,PRODESK-VZ-0982
HMQWDPPVZC,HP,E24 G4,24,1920x1080,DVI,OPTIPLEX-RB-0879
DM7MLKLCJS,Dell,P2719H,27,1920x1080,VGA,OPTIPLEX-VZ-0594
HMTG2ZYBXA,HP,E24 G4,24,1920x1080,VGA,LATITUDE-RB-0735
HMFJU4KHNT,HP,E24 G4,24,1920x1080,HDMI,OPTIPLEX-RB-0885
HMTDAMXETB,HP,Z24n G2,24,1920x1200,DisplayPort,OPTIPLEX-VZ-0174
DM2GGVF2PZ,Dell,P2419H,24,1920x1080,DisplayPort,THINKPAD-RB-0292
HMGVUTBCB6,HP,E24 G4,24,1920x1080,HDMI,PRODESK-RB-0258
DMU9KXWA6E,Dell,P2719H,27,1920x1080,VGA,THINKPAD-VZ-0675
DM59F3ZD7U,Dell,P2419H,24,1920x1080,DisplayPort,OPTIPLEX-VZ-0273
HM4B2SM72T,HP,Z24n G2,24,1920x1200,HDMI,LATITUDE-RB-0934
HMCPGGTP9E,HP,E24 G4,24,1920x1080,VGA,LATITUDE-VZ-0470
DMT674C6AP,Dell,U2415,24,1920x1200,DVI,OPTIPLEX-RB-0046
DMUV7YY46A,Dell,P2719H,27,1920x1080,VGA,OPTIPLEX-RB-0727
DM55VKQQ6D,Dell,U2415,24,1920x1200,HDMI,PRODESK-VZ-0723
DM79JEAZPR,Dell,U2415,24,1920x1200,HDMI,OPTIPLEX-RB-0498
DMFEDBYWEW,Dell,U2415,24,1920x1200,HDMI,OPTIPLEX-VZ-0565
DMZJ9SUS7Y,Dell,P2719H,27,1920x1080,DVI,ALLINONE-RB-0680
DMSPZ9CZFD,Dell,P2419H,24,1920x1080,HDMI,THINKPAD-RB-0188
HMYQX2AEZ8,HP,E24 G4,24,1920x1080,VGA,LATITUDE-RB-0901
DM5MDJMLYR,Dell,U2415,24,1920x1200,DVI,PRODESK-VZ-0182
HMFLJW5R77,HP,E24 G4,24,1920x1080,DVI,OPTIPLEX-VZ-0217
DMBCDSTLDE,Dell,U2415,24,1920x1200,DVI,LATITUDE-VZ-0898
DMQ35AENW4,Dell,P2719H,27,1920x1080,DisplayPort,OPTIPLEX-RB-0657
DM6G3VNSGM,Dell,P2419H,24,1920x1080,DisplayPort,LATITUDE-VZ-0626
HMCMRX5L4R,HP,Z24n G2,24,1920x1200,HDMI,THINKCENTRE-VZ-0846
DMUZ4KPS3G,Dell,P2419H,24,1920x1080,DVI,ELITEDESK-RB-0357
HMGRAG32A5,HP,E24 G4,24,1920x1080,VGA,OPTIPLEX-RB-0805
DMXCA7W6ZG,Dell,U2415,24,1920x1200,VGA,OPTIPLEX-RB-0365
DM6FT9ZHC9,Dell,U2415,24,1920x1200,VGA,OPTIPLEX-RB-0955
DMQW6HMN7V,Dell,U2415,24,1920x1200,VGA,OPTIPLEX-RB-0550
DM42T8C27N,Dell,P2419H,24,1920x1080,DisplayPort,OPTIPLEX-RB-0145
DMXFK5WN5W,Dell,P2719H,27,1920x1080,DVI,OPTIPLEX-RB-0145
DM95MHES4X,Dell,U2415,24,1920x1200,DVI,OPTIPLEX-RB-0167
HMLW4S7UH9,HP,Z24n G2,24,1920x1200,DVI,OPTIPLEX-RB-0909
DMUNPYHALH,Dell,P2419H,24,1920x1080,DisplayPort,
HMNVXSN4CB,HP,Z24n G2,24,1920x1200,DVI,OPTIPLEX-VZ-0796
HMJ2PTRQAL,HP,Z24n G2,24,1920x1200,DVI,ELITEDESK-RB-0091
DMFFKKVNZH,Dell,U2415,24,1920x1200,DisplayPort,OPTIPLEX-VZ-0033
DMTCH8KN2N,Dell,P2419H,24,1920x1080,VGA,OPTIPLEX-RB-0515
HMMY6JF4NT,HP,E24 G4,24,1920x1080,VGA,OPTIPLEX-RB-0566
HMZC339NPB,HP,Z24n G2,24,1920x1200,VGA,OPTIPLEX-VZ-0884
DMKYW299H2,Dell,U2415,24,1920x1200,HDMI,OPTIPLEX-RB-0798
DM3ZMACYP9,Dell,P2719H,27,1920x1080,VGA,OPTIPLEX-VZ-0556
HMGHGRAZEW,HP,Z24n G2,24,1920x1200,DVI,PRODESK-VZ-0276
DME7TSY8TP,Dell,P2719H,27,1920x1080,HDMI,OPTIPLEX-RB-0861
DMP3BPFA6E,Dell,P2719H,27,1920x1080,VGA,
HM469J8A8A,HP,E24 G4,24,1920x1080,HDMI,OPTIPLEX-RB-0534
DML9PUJXQ3,Dell,P2419H,24,1920x1080,DisplayPort,OPTIPLEX-RB-0976
DM4TBL87SA,Dell,P2419H,24,1920x1080,VGA,LATITUDE-RB-0735
DMCK9HVJWE,Dell,U2415,24,1920x1200,DisplayPort,OPTIPLEX-RB-0704
DMNCKLJVXH,Dell,P2719H,27,1920x1080,DisplayPort,PRODESK-VZ-0349
DMJBMXYL7R,Dell,P2719H,27,1920x1080,VGA,ELITEDESK-RB-0022
DMQ78ZNB2J,Dell,P2419H,24,1920x1080,HDMI,ELITEDESK-RB-0475
HMS8DSZNHU,HP,E24 G4,24,1920x1080,DisplayPort,
DM5R23KVV3,Dell,P2419H,24,1920x1080,HDMI,ELITEDESK-VZ-0644
HMHQWKC5BR,HP,Z24n G2,24,1920x1200,DisplayPort,ELITEDESK-RB-0895
DMPAN7YT2T,Dell,U2415,24,1920x1200,DisplayPort,OPTIPLEX-RB-0562
DM8FXY5LQF,Dell,P2419H,24,1920x1080,VGA,LATITUDE-RB-0969
DMXM9UAAMZ,Dell,U2415,24,1920x1200,DVI,OPTIPLEX-VZ-0612
HMALHEX3RB,HP,E24 G4,24,1920x1080,HDMI,PRODESK-VZ-0887
HM4YFXAGST,HP,E24 G4,24,1920x1080,VGA,OPTIPLEX-RB-0309
DMEGAZB78W,Dell,U2415,24,1920x1200,HDMI,PRODESK-RB-0355
DMYZRGKQAF,Dell,P2719H,27,1920x1080,VGA,OPTIPLEX-VZ-0732
HMBJCJ8Z9V,HP,Z24n G2,24,1920x1200,DisplayPort,OPTIPLEX-RB-0534
HMTP36E8DP,HP,Z24n G2,24,1920x1200,HDMI,OPTIPLEX-RB-0431
DMVPUNXHHZ,Dell,P2719H,27,1920x1080,HDMI,PRODESK-VZ-0375
DMWR3X8W8C,Dell,P2419H,24,1920x1080,DisplayPort,PRODESK-VZ-0399
HMD7SR2YNB,HP,E24 G4,24,1920x1080,VGA,ELITEDESK-RB-0099
HM3BS73BD6,HP,Z24n G2,24,1920x1200,VGA,OPTIPLEX-RB-0909
DMCETZC5H6,Dell,P2719H,27,1920x1080,DVI,OPTIPLEX-VZ-0750
DMJ2XM7BD8,Dell,U2415,24,1920x1200,VGA,OPTIPLEX-VZ-0932
DMSRGTWP6R,Dell,P2419H,24,1920x1080,HDMI,ALLINONE-RB-0711
DMZUEE72WR,Dell,U2415,24,1920x1200,HDMI,LATITUDE-VZ-0896
HMG2JQDARH,HP,Z24n G2,24,1920x1200,DVI,THINKCENTRE-RB-0337
DM9P27F8KA,Dell,P2719H,27,1920x1080,DVI,OPTIPLEX-RB-0038
DM386Z39J4,Dell,U2415,24,1920x1200,DVI,OPTIPLEX-RB-0152
HM9NWUW9SV,HP,Z24n G2,24,1920x1200,HDMI,THINKCENTRE-VZ-0176
DM852X8E62,Dell,P2719H,27,1920x1080,DisplayPort,OPTIPLEX-RB-0849
HMCA3NZTU6,HP,E24 G4,24,1920x1080,VGA,THINKPAD-VZ-0331
DMT55D9KTE,Dell,U2415,24,1920x1200,VGA,OPTIPLEX-VZ-0436
DMR2G973CZ,Dell,P2719H,27,1920x1080,DVI,
DMCWF2G66Z,Dell,U2415,24,1920x1200,DisplayPort,ALLINONE-RB-0979
DMXMSS7W55,Dell,U2415,24,1920x1200,HDMI,ALLINONE-RB-0908
HMFXDSL762,HP,E24 G4,24,1920x1080,VGA,ALLINONE-VZ-0097
HMPE2J7TML,HP,E24 G4,24,1920x1080,DVI,ALLINONE-VZ-0465
DMXGZ7QH2Q,Dell,U2415,24,1920x1200,VGA,PROONE-VZ-0769
DMEEDJDX5K,Dell,P2419H,24,1920x1080,DVI,
DMVR4RAYPW,Dell,P2719H,27,1920x1080,HDMI,OPTIPLEX-VZ-0490
HM8X569H2Y,HP,Z24n G2,24,1920x1200,DVI,OPTIPLEX-RB-0548
DM25PMSRG3,Dell,U2415,24,1920x1200,DisplayPort,OPTIPLEX-VZ-0030
HMH78XZQ83,HP,Z24n G2,24,1920x1200,DVI,ELITEDESK-VZ-0274
DM6ZTXWGM5,Dell,P2719H,27,1920x1080,HDMI,PRODESK-VZ-0641
HMVRJ7E6GY,HP,E24 G4,24,1920x1080,VGA,OPTIPLEX-RB-0917
HMNQJL4YLC,HP,E24 G4,24,1920x1080,HDMI,OPTIPLEX-RB-0046
HML4SVSE46,HP,E24 G4,24,1920x1080,DisplayPort,OPTIPLEX-VZ-0311
HMPUN8JEN6,HP,Z24n G2,24,1920x1200,VGA,
HMT5DF9DY5,HP,Z24n G2,24,1920x1200,VGA,OPTIPLEX-RB-0275
HMJYR7JL3F,HP,E24 G4,24,1920x1080,DisplayPort,PRODESK-RB-0104
DMWMWJPMYV,Dell,P2419H,24,1920x1080,VGA,THINKCENTRE-VZ-0532
HM3XLVGBKB,HP,Z24n G2,24,1920x1200,DisplayPort,OPTIPLEX-RB-0535
DMQLD83YAU,Dell,P2719H,27,1920x1080,VGA,PRODESK-RB-0187
HMPXMB8S2Y,HP,Z24n G2,24,1920x1200,VGA,ELITEDESK-RB-0553
HMGG6J5EHV,HP,Z24n G2,24,1920x1200,DVI,ELITEDESK-RB-0475
DM5YZ34VL4,Dell,P2419H,24,1920x1080,DisplayPort,
DMEP6FWVVT,Dell,U2415,24,1920x1200,HDMI,OPTIPLEX-VZ-0926
HMFQL6EY2D,HP,Z24n G2,24,1920x1200,DVI,
HMXWNTZAH6,HP,Z24n G2,24,1920x1200,DVI,OPTIPLEX-VZ-0312
DMG7XZY4R2,Dell,P2719H,27,1920x1080,DisplayPort,OPTIPLEX-VZ-0568
DM4MEEJ73E,Dell,P2719H,27,1920x1080,HDMI,OPTIPLEX-VZ-0717
HMR2H46EAJ,HP,E24 G4,24,1920x1080,DisplayPort,LATITUDE-RB-0322
HMXRDUBXUG,HP,Z24n G2,24,1920x1200,DVI,ELITEDESK-RB-0840
HMP2FBWE6E,HP,E24 G4,24,1920x1080,DVI,LATITUDE-RB-0758
HM5K8AM7HA,HP,E24 G4,24,1920x1080,VGA,OPTIPLEX-RB-0500
HMWC9N9YP3,HP,E24 G4,24,1920x1080,VGA,LATITUDE-VZ-0889
HMDPAXDH4X,HP,E24 G4,24,1920x1080,DVI,OPTIPLEX-VZ-0120
DMZE823CWM,Dell,U2415,24,1920x1200,DisplayPort,ELITEDESK-RB-0284
DM5F4MBQ6D,Dell,P2419H,24,1920x1080,VGA,OPTIPLEX-RB-0278
HMTGRECZZ2,HP,E24 G4,24,1920x1080,DVI,OPTIPLEX-RB-0504
DMCQKKJ4UC,Dell,U2415,24,1920x1200,VGA,LATITUDE-RB-0322
DMUNC8AHV4,Dell,P2719H,27,1920x1080,HDMI,OPTIPLEX-RB-0227
HMQ3SNQB96,HP,E24 G4,24,1920x1080,HDMI,OPTIPLEX-RB-0547
DMFSHPBUBK,Dell,P2419H,24,1920x1080,VGA,OPTIPLEX-RB-0156
DMC6KPND8X,Dell,P2719H,27,1920x1080,HDMI,LATITUDE-RB-0618
HMALQT3MDY,HP,Z24n G2,24,1920x1200,DVI,OPTIPLEX-RB-0650
HMSCDV9ZWF,HP,E24 G4,24,1920x1080,HDMI,OPTIPLEX-VZ-0506
DM3KHSDQ2H,Dell,P2419H,24,1920x1080,DisplayPort,PRODESK-VZ-0012
DMSFNQRWNM,Dell,P2419H,24,1920x1080,VGA,LATITUDE-RB-0621
DM9VZBZK2J,Dell,U2415,24,1920x1200,HDMI,OPTIPLEX-VZ-0205
HM3LKKP87X,HP,E24 G4,24,1920x1080,HDMI,ELITEDESK-RB-0284
HMACD97GTY,HP,E24 G4,24,1920x1080,VGA,OPTIPLEX-VZ-0926
DMXER49AUP,Dell,U2415,24,1920x1200,HDMI,OPTIPLEX-RB-0826
DMNSABNU4T,Dell,U2415,24,1920x1200,DVI,ALLINONE-RB-0088
HMYSB4MZPP,HP,Z24n G2,24,1920x1200,DisplayPort,THINKCENTRE-RB-0681
DMS79A6VV5,Dell,U2415,24,1920x1200,DisplayPort,OPTIPLEX-VZ-0754
DMXQU5YQXD,Dell,P2719H,27,1920x1080,VGA,THINKPAD-VZ-0705
DM7F86J9ST,Dell,P2719H,27,1920x1080,VGA,OPTIPLEX-RB-0464
DM8X4QPYJW,Dell,P2419H,24,1920x1080,DisplayPort,PRODESK-RB-0386
DM7LHK8PNA,Dell,U2415,24,1920x1200,VGA,PRODESK-RB-0633
DMSADXX7KR,Dell,U2415,24,1920x1200,VGA,
DMNQM4GFKH,Dell,P2419H,24,1920x1080,VGA,ALLINONE-VZ-0449
DMZGHKQHRE,Dell,P2719H,27,1920x1080,VGA,THINKPAD-RB-0445
DMUTVD8K5H,Dell,U2415,24,1920x1200,DVI,OPTIPLEX-RB-0930
HM2XTGYW7D,HP,Z24n G2,24,1920x1200,DVI,OPTIPLEX-VZ-0557
HMD8Q23QP8,HP,Z24n G2,24,1920x1200,DVI,OPTIPLEX-VZ-0490
DM8GCQD5M8,Dell,P2419H,24,1920x1080,DisplayPort,ELITEDESK-RB-0883
DMNNS6WKXX,Dell,P2719H,27,1920x1080,HDMI,ALLINONE-RB-0334
DMWHSGUE8K,Dell,P2719H,27,1920x1080,DVI,PROONE-RB-0891
HMJL2HYQF9,HP,Z24n G2,24,1920x1200,VGA,PRODESK-RB-0454
DM2LQBZNST,Dell,P2719H,27,1920x1080,DVI,LATITUDE-RB-0058
HMUDTCDXBA,HP,Z24n G2,24,1920x1200,DisplayPort,OPTIPLEX-VZ-0054
DMUWC6SQJT,Dell,U2415,24,1920x1200,VGA,THINKCENTRE-RB-0350
DMDS6ESYZP,Dell,P2419H,24,1920x1080,DisplayPort,ALLINONE-RB-0956
DMFKW7SC73,Dell,P2419H,24,1920x1080,DVI,OPTIPLEX-VZ-0822
DMXZYMM4K3,Dell,P2419H,24,1920x1080,VGA,OPTIPLEX-RB-0535
DMZYMH64D9,Dell,P2719H,27,1920x1080,DisplayPort,OPTIPLEX-RB-0657
HMV6942SNY,HP,Z24n G2,24,1920x1200,DisplayPort,THINKCENTRE-RB-0350
DMSFENKE5C,Dell,P2419H,24,1920x1080,DisplayPort,LATITUDE-VZ-0183
HMA36VBSZ9,HP,Z24n G2,24,1920x1200,VGA,ALLINONE-VZ-0476
DMFHLWNR75,Dell,P2419H,24,1920x1080,VGA,PRODESK-RB-0255
DMYH5G6Y8Q,Dell,P2419H,24,1920x1080,VGA,LATITUDE-VZ-0183
HM6YS8XHHJ,HP,E24 G4,24,1920x1080,VGA,LATITUDE-RB-0603
DM794BAMXB,Dell,U2415,24,1920x1200,DVI,THINKCENTRE-VZ-0977
DMA22L597W,Dell,P2419H,24,1920x1080,DisplayPort,
DMMLL7PVPS,Dell,U2415,24,1920x1200,DVI,OPTIPLEX-VZ-0448
HMUHFAEGTY,HP,E24 G4,24,1920x1080,DVI,OPTIPLEX-RB-0394
DMXMJKRWQJ,Dell,P2719H,27,1920x1080,DisplayPort,OPTIPLEX-RB-0676
DMXVXM3SUC,Dell,P2719H,27,1920x1080,DVI,OPTIPLEX-VZ-0329
DM2CW2R93Q,Dell,U2415,24,1920x1200,DisplayPort,
DML2SCTA2R,Dell,P2719H,27,1920x1080,DVI,PRODESK-RB-0258
DMUYJRZFNS,Dell,U2415,24,1920x1200,HDMI,OPTIPLEX-RB-0525
HM3X3RNUCR,HP,E24 G4,24,1920x1080,VGA,OPTIPLEX-RB-0071
DMVRU4DDXZ,Dell,P2719H,27,1920x1080,DisplayPort,ALLINONE-VZ-0838
HMPMKM5SZW,HP,E24 G4,24,1920x1080,DisplayPort,OPTIPLEX-VZ-0385
DML8WUTVTF,Dell,U2415,24,1920x1200,DVI,THINKPAD-VZ-0620
HMALLQG56F,HP,Z24n G2,24,1920x1200,DVI,OPTIPLEX-VZ-0884
HM8W2EWTNF,HP,E24 G4,24,1920x1080,VGA,OPTIPLEX-RB-0634
DM8NDD6MQD,Dell,P2419H,24,1920x1080,HDMI,OPTIPLEX-VZ-0992
DML75JTDBJ,Dell,P2419H,24,1920x1080,DVI,PRODESK-VZ-0850
DMG9PNRU57,Dell,U2415,24,1920x1200,HDMI,OPTIPLEX-VZ-0189
HMHARSMKNJ,HP,E24 G4,24,1920x1080,VGA,OPTIPLEX-RB-0927
HMACCX82EK,HP,E24 G4,24,1920x1080,DisplayPort,PROONE-RB-0893
DMC9WKKEJY,Dell,P2719H,27,1920x1080,DisplayPort,THINKCENTRE-RB-0482
HMZXKZDUW4,HP,E24 G4,24,1920x1080,HDMI,THINKCENTRE-RB-0694
DMUMT8BFVG,Dell,P2419H,24,1920x1080,DVI,OPTIPLEX-RB-0136
DM787E9W5X,Dell,P2419H,24,1920x1080,DVI,THINKPAD-VZ-0569
HMTA4T9XAZ,HP,Z24n G2,24,1920x1200,DVI,ELITEDESK-VZ-0644
HMPTMXB3CS,HP,E24 G4,24,1920x1080,DisplayPort,THINKCENTRE-RB-0198
DMW76ZZA5Y,Dell,U2415,24,1920x1200,DisplayPort,
DMLCG8VZ66,Dell,P2419H,24,1920x1080,HDMI,OPTIPLEX-VZ-0329
HMM3QWFXXK,HP,E24 G4,24,1920x1080,HDMI,THINKPAD-VZ-0559
DMMEKJRR26,Dell,U2415,24,1920x1200,VGA,OPTIPLEX-RB-0139
DMJFXV63W9,Dell,U2415,24,1920x1200,VGA,PROONE-RB-0670
HM4NDSH2L3,HP,Z24n G2,24,1920x1200,VGA,PROONE-VZ-0540
DMMQACRE86,Dell,U2415,24,1920x1200,DVI,OPTIPLEX-VZ-0747
DM3S6Y9UHT,Dell,P2419H,24,1920x1080,HDMI,THINKCENTRE-RB-0387
DMA6CY8V5N,Dell,U2415,24,1920x1200,DVI,OPTIPLEX-VZ-0576
DMFP3FKCH7,Dell,P2419H,24,1920x1080,VGA,OPTIPLEX-RB-0845
HMMNMNTZEC,HP,E24 G4,24,1920x1080,DVI,PROONE-VZ-0122
DMQLZ8BUPZ,Dell,U2415,24,1920x1200,DVI,OPTIPLEX-RB-0812
DM4GB7F9QE,Dell,P2419H,24,1920x1080,DVI,OPTIPLEX-VZ-0856
DMTB64HZW9,Dell,P2419H,24,1920x1080,HDMI,OPTIPLEX-VZ-0025
DM39K6MRZV,Dell,P2419H,24,1920x1080,HDMI,PRODESK-VZ-0596
HMPAZYWPJK,HP,Z24n G2,24,1920x1200,DisplayPort,THINKCENTRE-RB-0738
DMJHESETFM,Dell,U2415,24,1920x1200,DisplayPort,OPTIPLEX-RB-0712
HMWFRQLQY4,HP,Z24n G2,24,1920x1200,HDMI,THINKCENTRE-VZ-0408
DMD4XQV7JU,Dell,P2419H,24,1920x1080,DisplayPort,THINKPAD-RB-0293
HMRL82Y955,HP,Z24n G2,24,1920x1200,VGA,OPTIPLEX-RB-0860
HMMNRU89Y9,HP,Z24n G2,24,1920x1200,DVI,OPTIPLEX-RB-0037
DMFZL4L8YR,Dell,P2719H,27,1920x1080,HDMI,OPTIPLEX-VZ-0877
HMRWKH4EZA,HP,E24 G4,24,1920x1080,DisplayPort,OPTIPLEX-VZ-0565
HMV8UZM4FX,HP,E24 G4,24,1920x1080,HDMI,OPTIPLEX-VZ-0195
DMRDVG7FCC,Dell,P2719H,27,1920x1080,HDMI,OPTIPLEX-RB-0145
DM7UVSYZGD,Dell,U2415,24,1920x1200,DisplayPort,OPTIPLEX-RB-0634
DMQ52NQCBT,Dell,P2419H,24,1920x1080,DVI,PROONE-RB-0973
HM44G2ZJPW,HP,Z24n G2,24,1920x1200,DisplayPort,PROONE-RB-0864
DME6S72MLK,Dell,P2719H,27,1920x1080,VGA,PRODESK-RB-0100
HMXBFENUHY,HP,E24 G4,24,1920x1080,HDMI,OPTIPLEX-VZ-0044
DMNL2LBQKT,Dell,P2419H,24,1920x1080,DVI,OPTIPLEX-VZ-0944
DMMLHL7YAQ,Dell,P2419H,24,1920x1080,DVI,OPTIPLEX-RB-0204
HMLSRZCUCT,HP,E24 G4,24,1920x1080,HDMI,THINKCENTRE-RB-0837
DMNEJ2DHNU,Dell,U2415,24,1920x1200,DVI,PROONE-VZ-0765
DM55FWUSH9,Dell,P2719H,27,1920x1080,HDMI,ALLINONE-RB-0489
DMJA5US895,Dell,P2419H,24,1920x1080,VGA,ALLINONE-RB-0253
DMLTDL9MX8,Dell,P2419H,24,1920x1080,DisplayPort,OPTIPLEX-VZ-0143
DMJQZEUL7T,Dell,U2415,24,1920x1200,DVI,PROONE-VZ-0778
HMK73WRYPB,HP,Z24n G2,24,1920x1200,DVI,OPTIPLEX-VZ-0619
HM2ZKFSL8F,HP,Z24n G2,24,1920x1200,VGA,PRODESK-VZ-0349
DMYS5ZCP6W,Dell,P2419H,24,1920x1080,HDMI,OPTIPLEX-RB-0843
DMRSKKRT4C,Dell,P2419H,24,1920x1080,VGA,PRODESK-RB-0542
DM8VU2FZMZ,Dell,P2419H,24,1920x1080,DVI,PRODESK-VZ-0809
DMG67BFGYV,Dell,P2719H,27,1920x1080,DisplayPort,PRODESK-VZ-0867
DMYE2VQSGP,Dell,U2415,24,1920x1200,VGA,OPTIPLEX-VZ-0506
HMASX4WJ3E,HP,Z24n G2,24,1920x1200,DisplayPort,
DMSPZ7WQB2,Dell,P2419H,24,1920x1080,VGA,THINKPAD-RB-0188
DMPWREJZZN,Dell,P2419H,24,1920x1080,HDMI,OPTIPLEX-RB-0914
HMLPYW588X,HP,Z24n G2,24,1920x1200,DVI,THINKCENTRE-RB-0738
DMFEWQCPJL,Dell,P2719H,27,1920x1080,VGA,OPTIPLEX-VZ-0283
DMNZJAYLG6,Dell,U2415,24,1920x1200,VGA,OPTIPLEX-VZ-0448
DMFD9VA8ZA,Dell,P2719H,27,1920x1080,VGA,OPTIPLEX-VZ-0574
HMV8X25X2W,HP,E24 G4,24,1920x1080,DVI,THINKPAD-RB-0918
HMPQGHZMCT,HP,E24 G4,24,1920x1080,DisplayPort,THINKCENTRE-VZ-0101
DM65WA5GZS,Dell,U2415,24,1920x1200,DVI,OPTIPLEX-RB-0730
DMEUFQSYB8,Dell,U2415,24,1920x1200,HDMI,PROONE-VZ-0868
HMTFGCMXJT,HP,Z24n G2,24,1920x1200,DVI,OPTIPLEX-VZ-0699
DMCURG8QPH,Dell,P2419H,24,1920x1080,DVI,ALLINONE-RB-0489
DMGGW82M47,Dell,U2415,24,1920x1200,DisplayPort,OPTIPLEX-VZ-0298
HMM2CXA27U,HP,Z24n G2,24,1920x1200,DVI,THINKCENTRE-VZ-0147
HM4BVPFE2Z,HP,Z24n G2,24,1920x1200,HDMI,THINKPAD-VZ-0520
DM5GSYTEYM,Dell,P2419H,24,1920x1080,VGA,OPTIPLEX-RB-0464
HMTXQTNHA3,HP,E24 G4,24,1920x1080,DVI,OPTIPLEX-RB-0409
HMN6QGVRBM,HP,Z24n G2,24,1920x1200,DisplayPort,ELITEDESK-VZ-0483
HM3YFD2RX6,HP,Z24n G2,24,1920x1200,HDMI,LATITUDE-VZ-0639
DMD8F5UHLF,Dell,P2719H,27,1920x1080,DisplayPort,ELITEDESK-VZ-0728
DMYD36ARQL,Dell,P2419H,24,1920x1080,HDMI,OPTIPLEX-RB-0940
DMMSYW9M5B,Dell,P2419H,24,1920x1080,HDMI,
DMWJHS425C,Dell,P2419H,24,1920x1080,DVI,OPTIPLEX-VZ-0506
DM9QC79JJC,Dell,P2419H,24,1920x1080,HDMI,
DMFENMKPD8,Dell,P2719H,27,1920x1080,VGA,OPTIPLEX-RB-0351
DMUHUD79HM,Dell,P2419H,24,1920x1080,DVI,PRODESK-VZ-0664
DMSHRNG7TU,Dell,P2419H,24,1920x1080,VGA,OPTIPLEX-VZ-0688
HM48B3G3JW,HP,E24 G4,24,1920x1080,DisplayPort,
DM87NSF2BZ,Dell,P2719H,27,1920x1080,DVI,
DM85E2TYHH,Dell,P2419H,24,1920x1080,DisplayPort,OPTIPLEX-VZ-0586
DM33AK8WMG,Dell,P2419H,24,1920x1080,HDMI,OPTIPLEX-RB-0265
DMHX7S8FKM,Dell,P2419H,24,1920x1080,DVI,PRODESK-VZ-0962
HMX4Q7BEWN,HP,E24 G4,24,1920x1080,VGA,OPTIPLEX-VZ-0108
DMXYN4SMYJ,Dell,P2419H,24,1920x1080,VGA,PRODESK-RB-0729
DMA93HESPP,Dell,P2419H,24,1920x1080,VGA,ELITEDESK-RB-0883
HM4P8FZ672,HP,E24 G4,24,1920x1080,VGA,OPTIPLEX-RB-0075
HMETH7YQYG,HP,E24 G4,24,1920x1080,VGA,
DMAWA2F3KG,Dell,P2419H,24,1920x1080,VGA,ELITEDESK-RB-0140
HM3AP4QNUW,HP,E24 G4,24,1920x1080,VGA,OPTIPLEX-VZ-0572
DMXJSF287Z,Dell,U2415,24,1920x1200,HDMI,OPTIPLEX-RB-0228
DM24SXDCUA,Dell,U2415,24,1920x1200,DVI,OPTIPLEX-RB-0452
DMMWRDCJ3T,Dell,P2719H,27,1920x1080,DisplayPort,ELITEDESK-VZ-0874
DMRCLMYUSQ,Dell,U2415,24,1920x1200,DVI,LATITUDE-VZ-0150
DMW3CCZB9L,Dell,U2415,24,1920x1200,DisplayPort,THINKCENTRE-RB-0219
DM38M7ZKRA,Dell,U2415,24,1920x1200,VGA,LATITUDE-RB-0404
DMN3QF92X5,Dell,P2719H,27,1920x1080,VGA,OPTIPLEX-RB-0546
HM97JDNTZ9,HP,Z24n G2,24,1920x1200,DisplayPort,OPTIPLEX-RB-0279
HM2WTRCP7L,HP,E24 G4,24,1920x1080,HDMI,OPTIPLEX-VZ-0654
DMZ65DA52P,Dell,P2719H,27,1920x1080,DisplayPort,LATITUDE-RB-0653
HMTLCBAPF9,HP,E24 G4,24,1920x1080,HDMI,ELITEDESK-VZ-0335
DMENAJHKVW,Dell,P2719H,27,1920x1080,DVI,OPTIPLEX-VZ-0582
DM2S46683C,Dell,U2415,24,1920x1200,DisplayPort,ALLINONE-RB-0297
DMLDEAB2BX,Dell,P2719H,27,1920x1080,DVI,OPTIPLEX-RB-0277
HMCKY866AX,HP,Z24n G2,24,1920x1200,HDMI,OPTIPLEX-VZ-0944
HMLRJYBJ4G,HP,Z24n G2,24,1920x1200,HDMI,ELITEDESK-VZ-0036
HM57KXHBJK,HP,E24 G4,24,1920x1080,VGA,
DMMCJ2QKAY,Dell,P2719H,27,1920x1080,DisplayPort,
HMHWACMLZV,HP,E24 G4,24,1920x1080,VGA,
DM5L8WZ856,Dell,P2419H,24,1920x1080,DVI,ELITEDESK-VZ-0480
DM2W2BYZJV,Dell,U2415,24,1920x1200,VGA,OPTIPLEX-VZ-0877
DMKM5EQ9NJ,Dell,P2719H,27,1920x1080,DisplayPort,
HM36NWZVM8,HP,E24 G4,24,1920x1080,DVI,OPTIPLEX-VZ-0796
DMEXRQE5R5,Dell,U2415,24,1920x1200,DisplayPort,PRODESK-VZ-0346
HMUJHJGGS2,HP,Z24n G2,24,1920x1200,DVI,PRODESK-RB-0454
DMCNYWJV4K,Dell,U2415,24,1920x1200,DVI,
DMLW43KGRZ,Dell,P2719H,27,1920x1080,DVI,OPTIPLEX-RB-0037
DMCWRUTEA7,Dell,P2719H,27,1920x1080,VGA,PROONE-RB-0646
HM9UBBZFXY,HP,Z24n G2,24,1920x1200,VGA,
DMQNGFHZAE,Dell,U2415,24,1920x1200,VGA,PRODESK-RB-0959
HMDH8HTQXR,HP,E24 G4,24,1920x1080,VGA,THINKCENTRE-VZ-0146
DMB5PN6EZG,Dell,U2415,24,1920x1200,DisplayPort,OPTIPLEX-VZ-0665
DMHG8G6V3T,Dell,U2415,24,1920x1200,DisplayPort,ELITEDESK-RB-0040
HM7Z6R87EQ,HP,E24 G4,24,1920x1080,DisplayPort,ALLINONE-VZ-0512
HMQJ3JFTJN,HP,E24 G4,24,1920x1080,DVI,OPTIPLEX-VZ-0428
HM878DWR7S,HP,E24 G4,24,1920x1080,DVI,OPTIPLEX-RB-0332
DMXSZAC67Z,Dell,P2419H,24,1920x1080,VGA,ELITEDESK-VZ-0125
HMX5HSJ43U,HP,Z24n G2,24,1920x1200,DVI,OPTIPLEX-VZ-0455
DMNWMR74JE,Dell,P2419H,24,1920x1080,HDMI,PRODESK-RB-0165
DM2NSBE68U,Dell,P2719H,27,1920x1080,HDMI,PRODESK-VZ-0316
DMZQXXR98U,Dell,P2719H,27,1920x1080,VGA,
HMMLPLE79X,HP,E24 G4,24,1920x1080,VGA,
HM7LTMEL9M,HP,Z24n G2,24,1920x1200,VGA,LATITUDE-RB-0453
HMTGWNQMMS,HP,Z24n G2,24,1920x1200,DVI,OPTIPLEX-RB-0142
DM7YEXLRHQ,Dell,P2419H,24,1920x1080,HDMI,PRODESK-VZ-0012
DMZZ2JCMDH,Dell,P2719H,27,1920x1080,VGA,THINKCENTRE-VZ-0147
DMLCJ7RJLK,Dell,U2415,24,1920x1200,HDMI,
HM9XLX4LQZ,HP,E24 G4,24,1920x1080,HDMI,PRODESK-RB-0258
DMBKLW8FAR,Dell,U2415,24,1920x1200,DVI,
HML56SUYP5,HP,Z24n G2,24,1920x1200,VGA,LATITUDE-VZ-0470
HMEKCZX5UU,HP,E24 G4,24,1920x1080,DVI,OPTIPLEX-VZ-0527
DMC6HY7PXQ,Dell,P2719H,27,1920x1080,DisplayPort,OPTIPLEX-VZ-0981
DMRTD5UJ2Q,Dell,U2415,24,1920x1200,DisplayPort,THINKPAD-RB-0026
DMNRZPJVEH,Dell,P2719H,27,1920x1080,VGA,LATITUDE-RB-0254
DM9HJK3KH9,Dell,P2419H,24,1920x1080,VGA,ALLINONE-VZ-0035
DMTP5BKCD4,Dell,U2415,24,1920x1200,VGA,OPTIPLEX-VZ-0153
DMEH97V3HU,Dell,P2419H,24,1920x1080,DisplayPort,OPTIPLEX-VZ-0944
DMG3ZSSTTM,Dell,U2415,24,1920x1200,VGA,ALLINONE-RB-0802
DMNSZCLJS5,Dell,U2415,24,1920x1200,DisplayPort,THINKPAD-RB-0292
DMSBE5KQ3F,Dell,P2419H,24,1920x1080,VGA,OPTIPLEX-VZ-0958
HMLTLTGUNP,HP,E24 G4,24,1920x1080,HDMI,OPTIPLEX-RB-0232
HMWBAUH4XN,HP,E24 G4,24,1920x1080,DisplayPort,OPTIPLEX-VZ-0981
HM4BTC8Y92,HP,Z24n G2,24,1920x1200,VGA,OPTIPLEX-RB-0679
HMTRVN9KED,HP,E24 G4,24,1920x1080,DisplayPort,PROONE-RB-0584
HMMD3K774E,HP,E24 G4,24,1920x1080,VGA,OPTIPLEX-RB-0016
DMXM26KJT2,Dell,P2719H,27,1920x1080,HDMI,THINKPAD-RB-0601
DM7K3PPTFC,Dell,P2719H,27,1920x1080,HDMI,LATITUDE-VZ-0183
HM3JTEV2CY,HP,Z24n G2,24,1920x1200,HDMI,LATITUDE-VZ-0889
DMGDBU3VX6,Dell,P2719H,27,1920x1080,VGA,OPTIPLEX-RB-0798
HMMUDD9HGZ,HP,Z24n G2,24,1920x1200,HDMI,ALLINONE-RB-0297
HMXGELH5KW,HP,E24 G4,24,1920x1080,DisplayPort,
DMZARESKXF,Dell,P2419H,24,1920x1080,HDMI,THINKCENTRE-VZ-0846
DMXH7SJ9DZ,Dell,U2415,24,1920x1200,DisplayPort,OPTIPLEX-RB-0602
DMGUCCRA5D,Dell,U2415,24,1920x1200,DVI,THINKCENTRE-RB-0482
DMZLLUJLKA,Dell,P2719H,27,1920x1080,HDMI,LATITUDE-VZ-0416
HMJN7FMHBF,HP,Z24n G2,24,1920x1200,HDMI,OPTIPLEX-RB-0468
DMPHW46A43,Dell,U2415,24,1920x1200,HDMI,OPTIPLEX-VZ-0688
DM9GEJ9KX7,Dell,P2719H,27,1920x1080,VGA,ALLINONE-RB-0272
HMTB8UTPW3,HP,E24 G4,24,1920x1080,DisplayPort,OPTIPLEX-VZ-0261
HMJNHN4YZL,HP,E24 G4,24,1920x1080,DVI,OPTIPLEX-VZ-0576
DMQN287DFW,Dell,P2419H,24,1920x1080,DVI,PRODESK-VZ-0850
HMGZQSN6VW,HP,E24 G4,24,1920x1080,HDMI,LATITUDE-RB-0731
DMKNB6AXJ3,Dell,U2415,24,1920x1200,DVI,PRODESK-RB-0947
HMBFEYWFZY,HP,Z24n G2,24,1920x1200,HDMI,PROONE-VZ-0643
HMS7Q2AMVJ,HP,Z24n G2,24,1920x1200,VGA,PROONE-RB-0584
DMDJFTGWXV,Dell,U2415,24,1920x1200,VGA,THINKPAD-RB-0601
HMZZYQ9CMH,HP,E24 G4,24,1920x1080,DisplayPort,OPTIPLEX-VZ-0108
DMUBBK8QE5,Dell,P2719H,27,1920x1080,DVI,THINKCENTRE-RB-0924
DM6GLDEVUJ,Dell,U2415,24,1920x1200,HDMI,OPTIPLEX-RB-0294
HMM634J3BC,HP,Z24n G2,24,1920x1200,VGA,ELITEDESK-VZ-0728
DMVK6UTTE7,Dell,P2719H,27,1920x1080,VGA,
DM8HFL2AXD,Dell,P2419H,24,1920x1080,DVI,OPTIPLEX-VZ-0794
DMDJS5U69F,Dell,P2419H,24,1920x1080,HDMI,PROONE-RB-0521
HMZY8TNC8Q,HP,E24 G4,24,1920x1080,DisplayPort,PROONE-RB-0893
HMXEU29BTE,HP,Z24n G2,24,1920x1200,HDMI,OPTIPLEX-RB-0265
DMAQLBZR6T,Dell,P2419H,24,1920x1080,HDMI,PRODESK-VZ-0850
HMVFW2AMHD,HP,E24 G4,24,1920x1080,DVI,THINKCENTRE-VZ-0690
HMN6JK9TU8,HP,E24 G4,24,1920x1080,DisplayPort,ALLINONE-VZ-0804
HM2828XD5G,HP,E24 G4,24,1920x1080,DisplayPort,PROONE-RB-0797
HM2YE3KQ79,HP,E24 G4,24,1920x1080,DVI,ALLINONE-RB-0772
DMDQT53RH7,Dell,P2419H,24,1920x1080,DVI,PRODESK-VZ-0109
DM7GCQVY9R,Dell,U2415,24,1920x1200,DVI,PROONE-VZ-0235
HM58M3KE57,HP,Z24n G2,24,1920x1200,DisplayPort,OPTIPLEX-VZ-0356
HMSK5FNGAM,HP,E24 G4,24,1920x1080,VGA,ALLINONE-RB-0855
HM537SBY48,HP,Z24n G2,24,1920x1200,HDMI,PRODESK-RB-0234
DM2CWWM577,Dell,U2415,24,1920x1200,VGA,LATITUDE-VZ-0157
DMFMJQPFQS,Dell,P2719H,27,1920x1080,VGA,ELITEDESK-VZ-0274
DMBPPQQEL6,Dell,U2415,24,1920x1200,DisplayPort,OPTIPLEX-VZ-0307
HM25WE34XH,HP,E24 G4,24,1920x1080,DisplayPort,OPTIPLEX-RB-0232
HMFYZX9K4L,HP,E24 G4,24,1920x1080,DisplayPort,PRODESK-RB-0113
HM9QGDDJRU,HP,E24 G4,24,1920x1080,DVI,PRODESK-RB-0441
DMYFRGR49Z,Dell,P2419H,24,1920x1080,DisplayPort,PRODESK-VZ-0867
HM5HA78JA7,HP,Z24n G2,24,1920x1200,VGA,THINKCENTRE-VZ-0408
DMTTCAGL4K,Dell,U2415,24,1920x1200,HDMI,OPTIPLEX-RB-0271
DM56JV8GHG,Dell,P2419H,24,1920x1080,DVI,ALLINONE-VZ-0746
DMJMTZVEVK,Dell,P2419H,24,1920x1080,DVI,
HMNXC5AZBF,HP,Z24n G2,24,1920x1200,HDMI,OPTIPLEX-VZ-0557
DMPMVLEZ4A,Dell,P2419H,24,1920x1080,DVI,OPTIPLEX-VZ-0544
DMDVZ9LADR,Dell,P2719H,27,1920x1080,VGA,LATITUDE-VZ-0348
DMA9FGNF8W,Dell,P2419H,24,1920x1080,VGA,THINKPAD-VZ-0705
DMP3KRUKY4,Dell,P2719H,27,1920x1080,DVI,OPTIPLEX-VZ-0574
HMMMCJ2GNC,HP,E24 G4,24,1920x1080,HDMI,THINKCENTRE-RB-0119
HMH4TQUSRM,HP,E24 G4,24,1920x1080,DVI,PROONE-RB-0859
DMSBSENNZ8,Dell,P2719H,27,1920x1080,HDMI,ALLINONE-VZ-0476
DMBXSKQLZK,Dell,P2419H,24,1920x1080,VGA,OPTIPLEX-VZ-0312
HMW3L7ABYP,HP,Z24n G2,24,1920x1200,DisplayPort,OPTIPLEX-VZ-0329
HMCTKFN6LQ,HP,Z24n G2,24,1920x1200,HDMI,ALLINONE-VZ-0746
DM5UBU3ZXR,Dell,P2719H,27,1920x1080,DVI,PRODESK-VZ-0641
DMUPH33QYB,Dell,U2415,24,1920x1200,HDMI,OPTIPLEX-RB-0921
HMMQS7BK3H,HP,Z24n G2,24,1920x1200,VGA,ALLINONE-RB-0253
DM6FPKWUS2,Dell,U2415,24,1920x1200,DVI,OPTIPLEX-RB-0826
DMYG3DDR8E,Dell,P2719H,27,1920x1080,DVI,LATITUDE-VZ-0183
DML7XUE8Y7,Dell,P2419H,24,1920x1080,DVI,PRODESK-RB-0378
HMDDFJBR4C,HP,Z24n G2,24,1920x1200,DVI,ALLINONE-VZ-0449
HMSJZSC9VP,HP,E24 G4,24,1920x1080,DisplayPort,OPTIPLEX-RB-0662
DM63XN6E5E,Dell,U2415,24,1920x1200,VGA,OPTIPLEX-VZ-0747
DMUYCG5PJ2,Dell,P2719H,27,1920x1080,VGA,ALLINONE-RB-0297
HM3CB9P4MQ,HP,E24 G4,24,1920x1080,DisplayPort,PRODESK-RB-0537
DMVCDJT4DL,Dell,P2419H,24,1920x1080,HDMI,LATITUDE-RB-0603
DMNA7XDK5J,Dell,P2419H,24,1920x1080,VGA,THINKCENTRE-VZ-0176
DMJN4AKYTY,Dell,P2719H,27,1920x1080,DisplayPort,OPTIPLEX-VZ-0273
HMWF29U4DU,HP,E24 G4,24,1920x1080,DisplayPort,THINKCENTRE-RB-0042
DMLN3CQJFB,Dell,P2719H,27,1920x1080,DVI,ALLINONE-RB-0538
HMVL42FE8M,HP,Z24n G2,24,1920x1200,DVI,LATITUDE-VZ-0479
DM865RNZDC,Dell,P2419H,24,1920x1080,VGA,PRODESK-VZ-0014
DMTRN6DCS3,Dell,P2719H,27,1920x1080,DisplayPort,OPTIPLEX-VZ-0044
DML475Y2UV,Dell,P2719H,27,1920x1080,DVI,OPTIPLEX-RB-0642
HMKB38VSMD,HP,Z24n G2,24,1920x1200,DVI,OPTIPLEX-RB-0472
DMYA82ANJM,Dell,P2419H,24,1920x1080,DisplayPort,OPTIPLEX-VZ-0230
HMAL7Z93TR,HP,Z24n G2,24,1920x1200,DVI,THINKPAD-RB-0292
HMZT76S2VM,HP,Z24n G2,24,1920x1200,HDMI,PRODESK-VZ-0109
DM7FMS2QF2,Dell,P2719H,27,1920x1080,VGA,OPTIPLEX-VZ-0455
HMQLSXYQH7,HP,E24 G4,24,1920x1080,DVI,PRODESK-RB-0780
DMZXP2D5Y8,Dell,P2719H,27,1920x1080,DisplayPort,PRODESK-RB-0240
HME5GHNQJK,HP,Z24n G2,24,1920x1200,HDMI,LATITUDE-VZ-0639
HMQ8NX7JC6,HP,Z24n G2,24,1920x1200,DVI,OPTIPLEX-VZ-0923
DM8VW79VJY,Dell,P2419H,24,1920x1080,VGA,OPTIPLEX-RB-0461
DM37PHSF93,Dell,P2719H,27,1920x1080,VGA,PRODESK-VZ-0825
DMPCJ4BMSW,Dell,P2419H,24,1920x1080,VGA,OPTIPLEX-VZ-0402
DMPLKL7ZRE,Dell,P2719H,27,1920x1080,VGA,OPTIPLEX-VZ-0342
HMG3P2AN6Y,HP,Z24n G2,24,1920x1200,VGA,ELITEDESK-VZ-0201
HMV6LUKQVC,HP,E24 G4,24,1920x1080,HDMI,OPTIPLEX-RB-0094
DM3X7HP49B,Dell,P2719H,27,1920x1080,DVI,LATITUDE-RB-0404
DMJJX7Q6N5,Dell,U2415,24,1920x1200,DisplayPort,LATITUDE-RB-0669
HMNLRL4MD7,HP,Z24n G2,24,1920x1200,VGA,PROONE-VZ-0643
DMPXWNC9X4,Dell,U2415,24,1920x1200,DisplayPort,THINKCENTRE-RB-0340
DM344X58X4,Dell,P2719H,27,1920x1080,DisplayPort,ALLINONE-RB-0956
HMX4VABVPP,HP,Z24n G2,24,1920x1200,DVI,THINKCENTRE-VZ-0846
DMFC6HDWYG,Dell,U2415,24,1920x1200,VGA,THINKPAD-RB-0011
DM67XBGEZY,Dell,U2415,24,1920x1200,DVI,THINKCENTRE-RB-0555
DMB6BYVDHH,Dell,U2415,24,1920x1200,VGA,LATITUDE-VZ-0936
HMS4L2CB8Y,HP,E24 G4,24,1920x1080,DVI,OPTIPLEX-VZ-0381
DMFHDE9X26,Dell,U2415,24,1920x1200,DVI,ELITEDESK-RB-0553
HMCRS8KEHU,HP,Z24n G2,24,1920x1200,VGA,LATITUDE-VZ-0898
DMVB3DJMP8,Dell,U2415,24,1920x1200,HDMI,OPTIPLEX-VZ-0590
HMR2A7XMBS,HP,E24 G4,24,1920x1080,HDMI,OPTIPLEX-RB-0505
DM8DX543HK,Dell,P2419H,24,1920x1080,VGA,OPTIPLEX-RB-0925
DMNRBFQB9K,Dell,P2719H,27,1920x1080,DisplayPort,OPTIPLEX-VZ-0719
DM26SXPNQF,Dell,P2419H,24,1920x1080,VGA,OPTIPLEX-VZ-0750
DMW5E3Z4D3,Dell,P2419H,24,1920x1080,DVI,OPTIPLEX-VZ-0595
HMDHC59VYU,HP,E24 G4,24,1920x1080,VGA,OPTIPLEX-RB-0211
DMWTEX8UUF,Dell,U2415,24,1920x1200,DisplayPort,OPTIPLEX-VZ-0005
DMPDFYT4ZP,Dell,P2419H,24,1920x1080,DisplayPort,LATITUDE-RB-0463
DMQ72X899Z,Dell,P2419H,24,1920x1080,HDMI,OPTIPLEX-VZ-0878
DMLLAB6SBL,Dell,P2419H,24,1920x1080,VGA,OPTIPLEX-RB-0968
HMFHYNJCQP,HP,E24 G4,24,1920x1080,DVI,PROONE-RB-0521
DMD3WNSAGP,Dell,P2719H,27,1920x1080,HDMI,THINKPAD-VZ-0937
DMGPKYENRE,Dell,U2415,24,1920x1200,DisplayPort,LATITUDE-VZ-0998
DMR5Z2WT4N,Dell,P2419H,24,1920x1080,HDMI,LATITUDE-VZ-0951
DMSF6UG5SG,Dell,P2419H,24,1920x1080,HDMI,ALLINONE-RB-0310
DMNMMFGUPL,Dell,U2415,24,1920x1200,DisplayPort,OPTIPLEX-RB-0730
HMQ6BG8KFJ,HP,E24 G4,24,1920x1080,DisplayPort,OPTIPLEX-RB-0131
HMGC4ELNLK,HP,Z24n G2,24,1920x1200,DVI,LATITUDE-RB-0308
DMNC5DLJGM,Dell,U2415,24,1920x1200,DVI,PRODESK-VZ-0541
DM3URY64B8,Dell,P2419H,24,1920x1080,DisplayPort,ELITEDESK-VZ-0728
HMAFTKDS3D,HP,Z24n G2,24,1920x1200,VGA,LATITUDE-VZ-0606
DM7HNSWZT7,Dell,P2719H,27,1920x1080,DisplayPort,PRODESK-VZ-0346
HM7W5ZW8AW,HP,Z24n G2,24,1920x1200,DisplayPort,PRODESK-RB-0378
HM4NMS63ZQ,HP,E24 G4,24,1920x1080,DVI,OPTIPLEX-RB-0599
DMAZEHKRZF,Dell,U2415,24,1920x1200,DVI,OPTIPLEX-RB-0278
DMV8GNUKPR,Dell,U2415,24,1920x1200,DVI,OPTIPLEX-RB-0063
DML6F8FMHB,Dell,U2415,24,1920x1200,DisplayPort,THINKCENTRE-RB-0681
HM48W8YQSZ,HP,E24 G4,24,1920x1080,VGA,LATITUDE-RB-0130
DMJQGB9KB9,Dell,P2419H,24,1920x1080,VGA,
DM55ESE4R9,Dell,P2419H,24,1920x1080,DVI,THINKCENTRE-RB-0244
HMYHQJA9RS,HP,E24 G4,24,1920x1080,VGA,OPTIPLEX-RB-0294
HM6DSMMQY3,HP,Z24n G2,24,1920x1200,HDMI,OPTIPLEX-RB-0478
DMACJMQFZF,Dell,U2415,24,1920x1200,DisplayPort,THINKPAD-VZ-0620
DMKX6K2AUT,Dell,P2719H,27,1920x1080,HDMI,PRODESK-RB-0971
HMDH2N7BR9,HP,E24 G4,24,1920x1080,HDMI,THINKCENTRE-RB-0303
DMXE6BHDP4,Dell,P2719H,27,1920x1080,DisplayPort,LATITUDE-VZ-0485
DMSTPAVCRK,Dell,P2719H,27,1920x1080,HDMI,ALLINONE-VZ-0474
DMVWAVMZAT,Dell,P2719H,27,1920x1080,DisplayPort,OPTIPLEX-RB-0650
DMXDV63QLA,Dell,P2719H,27,1920x1080,VGA,OPTIPLEX-VZ-0180
DMSRXPLY93,Dell,U2415,24,1920x1200,VGA,ELITEDESK-RB-0656
DMM687WCMK,Dell,P2719H,27,1920x1080,HDMI,OPTIPLEX-VZ-0737
DMS4B3NL5V,Dell,P2419H,24,1920x1080,HDMI,OPTIPLEX-VZ-0205
HMQAYKA9ZN,HP,E24 G4,24,1920x1080,DisplayPort,OPTIPLEX-VZ-0799
DMJMZAZ7TQ,Dell,P2419H,24,1920x1080,DVI,OPTIPLEX-RB-0079
DM5WE45BDG,Dell,P2419H,24,1920x1080,DVI,PROONE-VZ-0047
HMV7Q7DHCT,HP,Z24n G2,24,1920x1200,DisplayPort,OPTIPLEX-VZ-0411
HMXRUAX4ZY,HP,Z24n G2,24,1920x1200,DisplayPort,PROONE-VZ-0614
DMWN6Y4GNM,Dell,P2419H,24,1920x1080,DisplayPort,OPTIPLEX-RB-0225
HMVAXGQRD4,HP,E24 G4,24,1920x1080,DVI,LATITUDE-RB-0969
DMW57JCCT8,Dell,U2415,24,1920x1200,HDMI,OPTIPLEX-VZ-0750
DML9JENSJ6,Dell,U2415,24,1920x1200,DVI,ALLINONE-VZ-0450
DM662P4YCB,Dell,P2419H,24,1920x1080,HDMI,ALLINONE-RB-0088
DMM8SNH7N5,Dell,P2419H,24,1920x1080,DVI,OPTIPLEX-VZ-0148
DMXDFTHQ89,Dell,P2419H,24,1920x1080,DisplayPort,ALLINONE-RB-0855
HM87YC3EDG,HP,E24 G4,24,1920x1080,VGA,THINKCENTRE-RB-0555
DM8V67AVT4,Dell,U2415,24,1920x1200,DVI,LATITUDE-VZ-0651
DMNFGKM7JB,Dell,P2419H,24,1920x1080,HDMI,OPTIPLEX-VZ-0844
HMH7T8YM5V,HP,Z24n G2,24,1920x1200,DVI,PRODESK-RB-0048
HM3T999TWC,HP,Z24n G2,24,1920x1200,DisplayPort,PROONE-RB-0429
DMBVBQD5Y9,Dell,P2419H,24,1920x1080,VGA,OPTIPLEX-VZ-0900
DMJBKLTLVH,Dell,U2415,24,1920x1200,VGA,OPTIPLEX-VZ-0189
HMQPZDYCXP,HP,Z24n G2,24,1920x1200,HDMI,OPTIPLEX-RB-0759
DMDU3529DA,Dell,P2419H,24,1920x1080,HDMI,THINKCENTRE-RB-0841
HM5666NPBY,HP,Z24n G2,24,1920x1200,VGA,PRODESK-RB-0710
HMP9GQQ4VE,HP,Z24n G2,24,1920x1200,DisplayPort,OPTIPLEX-RB-0820
DM5FBEC46K,Dell,P2419H,24,1920x1080,DisplayPort,LATITUDE-RB-0972
DML3CNPEXR,Dell,P2719H,27,1920x1080,DVI,LATITUDE-RB-0404
DMXCGTHCAM,Dell,P2719H,27,1920x1080,VGA,PRODESK-VZ-0497
DMERERYDTA,Dell,P2419H,24,1920x1080,VGA,LATITUDE-VZ-0756
DM2ADUH5K6,Dell,P2719H,27,1920x1080,DVI,ALLINONE-VZ-0838
HMDKXGX747,HP,E24 G4,24,1920x1080,DVI,OPTIPLEX-RB-0277
DMAQLYDYEU,Dell,P2419H,24,1920x1080,DVI,OPTIPLEX-RB-0502
HMJJMWRVTD,HP,E24 G4,24,1920x1080,DisplayPort,LATITUDE-VZ-0066
DM47U8NDF5,Dell,U2415,24,1920x1200,DisplayPort,OPTIPLEX-RB-0567
DMGAC7NFL6,Dell,U2415,24,1920x1200,VGA,LATITUDE-VZ-0896
HMEC65L9FC,HP,E24 G4,24,1920x1080,DisplayPort,PRODESK-VZ-0831
HM366YYEN4,HP,E24 G4,24,1920x1080,DVI,PROONE-VZ-0784
DMPNZ9UKT9,Dell,U2415,24,1920x1200,DVI,OPTIPLEX-RB-0226
DMM6B8XAXY,Dell,P2719H,27,1920x1080,DisplayPort,OPTIPLEX-RB-0215
DMADBKV6YS,Dell,P2719H,27,1920x1080,VGA,OPTIPLEX-RB-0295
DMAM3V533Y,Dell,U2415,24,1920x1200,HDMI,OPTIPLEX-VZ-0544
HMAYQ9RMVS,HP,Z24n G2,24,1920x1200,VGA,ELITEDESK-VZ-0874
DMTNWRCLLZ,Dell,U2415,24,1920x1200,DisplayPort,OPTIPLEX-VZ-0856
DMV6M8K43R,Dell,U2415,24,1920x1200,HDMI,LATITUDE-VZ-0639
HMCRGRRLRB,HP,E24 G4,24,1920x1080,DVI,PRODESK-VZ-0667
HMARCN2FN2,HP,Z24n G2,24,1920x1200,DisplayPort,ELITEDESK-RB-0140
DMV8CEQ8F9,Dell,P2419H,24,1920x1080,VGA,OPTIPLEX-RB-0700
DMH3VRE5WZ,Dell,U2415,24,1920x1200,DisplayPort,PRODESK-VZ-0740
HML7FHT3RG,HP,E24 G4,24,1920x1080,DVI,OPTIPLEX-VZ-0053
DMXCCUWVCQ,Dell,P2419H,24,1920x1080,VGA,ALLINONE-VZ-0171
DMP2HHD5YT,Dell,P2719H,27,1920x1080,DVI,THINKPAD-RB-0707
HM5ZJNBXNE,HP,E24 G4,24,1920x1080,DisplayPort,OPTIPLEX-VZ-0906
HM49SXK7GH,HP,Z24n G2,24,1920x1200,VGA,OPTIPLEX-VZ-0034
HMYCM5VZNX,HP,E24 G4,24,1920x1080,VGA,THINKCENTRE-RB-0384
DMS38URT6J,Dell,P2719H,27,1920x1080,DVI,OPTIPLEX-RB-0657
HM8VHPKYFB,HP,Z24n G2,24,1920x1200,DisplayPort,LATITUDE-VZ-0787
DM28YWQMKX,Dell,P2419H,24,1920x1080,DVI,OPTIPLEX-RB-0771
DM2DDJSZ9C,Dell,P2419H,24,1920x1080,VGA,THINKPAD-RB-0188
DMRK744ZJB,Dell,P2419H,24,1920x1080,VGA,LATITUDE-RB-0404
DMLYQBLPCV,Dell,P2419H,24,1920x1080,DVI,
HM4HVVZDBE,HP,E24 G4,24,1920x1080,HDMI,ALLINONE-VZ-0872
DMAW4U7PVV,Dell,U2415,24,1920x1200,HDMI,OPTIPLEX-RB-0952
DMMSD9EMSB,Dell,P2419H,24,1920x1080,DisplayPort,LATITUDE-RB-0653
DMJYDY3EKT,Dell,P2719H,27,1920x1080,HDMI,ALLINONE-VZ-0872
DMKW5LACRW,Dell,U2415,24,1920x1200,DisplayPort,THINKCENTRE-VZ-0101
DM8V3P6P2Y,Dell,P2719H,27,1920x1080,VGA,OPTIPLEX-VZ-0752
DM2S82QB4A,Dell,U2415,24,1920x1200,DVI,OPTIPLEX-RB-0786
HMRFMNFNH4,HP,Z24n G2,24,1920x1200,VGA,OPTIPLEX-VZ-0717
DMWSDAFUW3,Dell,P2419H,24,1920x1080,DisplayPort,OPTIPLEX-RB-0761
DM3WM8RFTY,Dell,P2419H,24,1920x1080,DisplayPort,THINKCENTRE-VZ-0126
HMX9HHV5KH,HP,Z24n G2,24,1920x1200,DisplayPort,OPTIPLEX-RB-0567
DMH8G5FD3J,Dell,P2419H,24,1920x1080,DVI,ALLINONE-RB-0908
DMXSMTNUQ5,Dell,U2415,24,1920x1200,DisplayPort,
DMY8MFNVW6,Dell,P2419H,24,1920x1080,HDMI,LATITUDE-VZ-0157
HM2REKW88U,HP,Z24n G2,24,1920x1200,VGA,OPTIPLEX-VZ-0904
DMD5JK2XYL,Dell,P2719H,27,1920x1080,DVI,OPTIPLEX-RB-0712
DMJ2ME8H2E,Dell,P2419H,24,1920x1080,VGA,OPTIPLEX-VZ-0929
DM49Z6EPWS,Dell,U2415,24,1920x1200,HDMI,
HMSQM5S7X9,HP,E24 G4,24,1920x1080,VGA,OPTIPLEX-VZ-0791
HM7LJZVXCK,HP,Z24n G2,24,1920x1200,DisplayPort,LATITUDE-RB-0773
DMT3BXBWCF,Dell,P2419H,24,1920x1080,DisplayPort,OPTIPLEX-RB-0529
DM9VK63LWA,Dell,P2419H,24,1920x1080,VGA,THINKPAD-VZ-0331
DMNHP7PUKN,Dell,U2415,24,1920x1200,DisplayPort,OPTIPLEX-RB-0268
HMGULWP4QG,HP,E24 G4,24,1920x1080,VGA,THINKPAD-VZ-0331
HMGDXY67LM,HP,Z24n G2,24,1920x1200,HDMI,PRODESK-VZ-0032
HMBCN9U8T2,HP,Z24n G2,24,1920x1200,DVI,OPTIPLEX-VZ-0493
HMSQ4FEXA8,HP,Z24n G2,24,1920x1200,DVI,PRODESK-VZ-0202
DMQPUTSBJ8,Dell,P2719H,27,1920x1080,HDMI,PRODESK-RB-0537
DMQ57JAMXX,Dell,P2719H,27,1920x1080,VGA,
HMBTKJRYX7,HP,E24 G4,24,1920x1080,HDMI,LATITUDE-RB-0315
DMC2DUTUMV,Dell,U2415,24,1920x1200,DVI,THINKCENTRE-VZ-0101
DMXFTX5557,Dell,P2419H,24,1920x1080,DisplayPort,LATITUDE-RB-0934
HMNNKS3YY4,HP,Z24n G2,24,1920x1200,HDMI,OPTIPLEX-RB-0332
DMBVQSTHSV,Dell,U2415,24,1920x1200,VGA,ALLINONE-RB-0272
DMUXK6H2QP,Dell,P2419H,24,1920x1080,DisplayPort,
DM5SZXGWCF,Dell,U2415,24,1920x1200,HDMI,LATITUDE-VZ-0736
DM79F5NKBF,Dell,U2415,24,1920x1200,DisplayPort,OPTIPLEX-RB-0247
DMGWH3X56R,Dell,P2719H,27,1920x1080,DVI,ELITEDESK-RB-0871
HM6VVZFVL8,HP,E24 G4,24,1920x1080,VGA,OPTIPLEX-VZ-0311
DM582LM6KK,Dell,P2419H,24,1920x1080,DisplayPort,ELITEDESK-VZ-0382
DM8HBBCNNE,Dell,P2419H,24,1920x1080,DVI,OPTIPLEX-RB-0786
HMD9VHLNFA,HP,Z24n G2,24,1920x1200,DVI,PROONE-RB-0469
DM5ESJ237Y,Dell,P2419H,24,1920x1080,DVI,OPTIPLEX-RB-0650
HMJWCBKN29,HP,Z24n G2,24,1920x1200,VGA,ALLINONE-VZ-0838
HMTWRXK5F8,HP,Z24n G2,24,1920x1200,DisplayPort,OPTIPLEX-VZ-0514
HM4GWMXGUH,HP,E24 G4,24,1920x1080,HDMI,PRODESK-VZ-0982
DMFZZSRGHS,Dell,P2719H,27,1920x1080,DisplayPort,OPTIPLEX-RB-0684
DMDDNVPLVQ,Dell,P2419H,24,1920x1080,HDMI,ELITEDESK-RB-0134
DMKDDHBZ2Y,Dell,P2419H,24,1920x1080,DVI,OPTIPLEX-VZ-0389
HMLU66Y5Q6,HP,E24 G4,24,1920x1080,DVI,
HMXVL5AEQA,HP,Z24n G2,24,1920x1200,DVI,LATITUDE-VZ-0157
HMZ4J7FCJR,HP,E24 G4,24,1920x1080,DisplayPort,OPTIPLEX-RB-0500
HMUFYS989D,HP,E24 G4,24,1920x1080,VGA,THINKCENTRE-RB-0244
DMX9J6Q332,Dell,P2419H,24,1920x1080,VGA,THINKPAD-RB-0302
HMN3NZYF6R,HP,Z24n G2,24,1920x1200,DisplayPort,THINKCENTRE-RB-0946
DMG7DGB4PH,Dell,P2419H,24,1920x1080,DisplayPort,
DMXP2585NP,Dell,P2719H,27,1920x1080,HDMI,ALLINONE-RB-0772
DMM57XSE9K,Dell,U2415,24,1920x1200,DisplayPort,OPTIPLEX-RB-0156
HM4TP9QURB,HP,Z24n G2,24,1920x1200,VGA,PROONE-VZ-0519
DM5RWK33VP,Dell,U2415,24,1920x1200,DisplayPort,OPTIPLEX-RB-0525
HMP79LFAQS,HP,E24 G4,24,1920x1080,HDMI,OPTIPLEX-RB-0786
HM77JXVAH8,HP,Z24n G2,24,1920x1200,HDMI,OPTIPLEX-VZ-0732
DM247EMGKN,Dell,U2415,24,1920x1200,HDMI,THINKPAD-VZ-0061
DM9UNMM6DP,Dell,U2415,24,1920x1200,VGA,PRODESK-RB-0780
HMATMLB5A6,HP,Z24n G2,24,1920x1200,VGA,OPTIPLEX-RB-0763
DMMAKD7BXU,Dell,P2719H,27,1920x1080,DisplayPort,LATITUDE-RB-0453
HMEEY4KDT9,HP,Z24n G2,24,1920x1200,DisplayPort,PRODESK-VZ-0689
DM9QAFKSUX,Dell,P2719H,27,1920x1080,HDMI,OPTIPLEX-VZ-0117
DMHXUGCGTJ,Dell,U2415,24,1920x1200,VGA,PRODESK-RB-0028
DM535R6QL2,Dell,U2415,24,1920x1200,HDMI,OPTIPLEX-VZ-0120
DMYL2323X7,Dell,P2719H,27,1920x1080,HDMI,PRODESK-VZ-0664
HM8FPQABE7,HP,Z24n G2,24,1920x1200,HDMI,
DMWVEHFCSV,Dell,P2419H,24,1920x1080,DisplayPort,OPTIPLEX-RB-0193
DMP82URLBM,Dell,U2415,24,1920x1200,VGA,OPTIPLEX-RB-0418
DM7D7U48EN,Dell,P2419H,24,1920x1080,VGA,LATITUDE-VZ-0691
DM4AK2NYMT,Dell,P2719H,27,1920x1080,DVI,ELITEDESK-VZ-0824
DM9WBTKUFR,Dell,P2719H,27,1920x1080,HDMI,ELITEDESK-VZ-0335
HMQPN823KK,HP,Z24n G2,24,1920x1200,DisplayPort,OPTIPLEX-RB-0435
DMM3WN38DD,Dell,U2415,24,1920x1200,HDMI,PRODESK-VZ-0673
DMX8P3BC8P,Dell,P2719H,27,1920x1080,HDMI,THINKCENTRE-VZ-0408
DMJ3457UP4,Dell,P2419H,24,1920x1080,DVI,THINKCENTRE-RB-0946
HMVYGTN4SB,HP,Z24n G2,24,1920x1200,HDMI,THINKPAD-RB-0601
DM3ATM5ZCA,Dell,P2719H,27,1920x1080,DisplayPort,OPTIPLEX-RB-0083
DMRUXF4R6P,Dell,P2419H,24,1920x1080,DisplayPort,OPTIPLEX-VZ-0054
HMLCM3ACZA,HP,Z24n G2,24,1920x1200,VGA,OPTIPLEX-RB-0038
DMKEAFB4AK,Dell,P2719H,27,1920x1080,VGA,LATITUDE-VZ-0081
DMFT5JQR8D,Dell,P2419H,24,1920x1080,DisplayPort,ELITEDESK-RB-0132
DM9YWELHKC,Dell,P2419H,24,1920x1080,VGA,OPTIPLEX-VZ-0788
HM3LAHGTGF,HP,E24 G4,24,1920x1080,VGA,LATITUDE-VZ-0606
DMKR5ZJLXK,Dell,P2419H,24,1920x1080,VGA,PRODESK-VZ-0867
DMRPRQPVYM,Dell,P2419H,24,1920x1080,VGA,
DM26N5TJBN,Dell,U2415,24,1920x1200,DVI,ELITEDESK-VZ-0200
DMYENRYCSP,Dell,U2415,24,1920x1200,DisplayPort,OPTIPLEX-RB-0358
DMCR46RFCM,Dell,P2419H,24,1920x1080,DisplayPort,PRODESK-RB-0911
DM3BXCCE9H,Dell,U2415,24,1920x1200,HDMI,THINKPAD-VZ-0061
DMG8TCUYHL,Dell,P2419H,24,1920x1080,DisplayPort,
HMEM4Q4AD9,HP,E24 G4,24,1920x1080,HDMI,OPTIPLEX-VZ-0579
DMDMVSPH8Q,Dell,P2419H,24,1920x1080,HDMI,OPTIPLEX-RB-0657
HM5G6TWNCM,HP,Z24n G2,24,1920x1200,VGA,LATITUDE-RB-0077
DMPFM67N3P,Dell,P2719H,27,1920x1080,HDMI,OPTIPLEX-VZ-0905
HMGDYTQF76,HP,Z24n G2,24,1920x1200,VGA,OPTIPLEX-RB-0930
DMGXP5TX39,Dell,U2415,24,1920x1200,VGA,THINKPAD-RB-0918
DMQTPRVUS8,Dell,P2719H,27,1920x1080,DVI,OPTIPLEX-RB-0660
DMLH99N4A8,Dell,P2419H,24,1920x1080,DVI,OPTIPLEX-RB-0069
HM6MDLFLRU,HP,Z24n G2,24,1920x1200,DVI,OPTIPLEX-RB-0955
DM8SKS3Z87,Dell,P2419H,24,1920x1080,VGA,OPTIPLEX-RB-0071
DMH5UH2ZSW,Dell,P2719H,27,1920x1080,DVI,OPTIPLEX-RB-0232
HM7PK5KNM9,HP,Z24n G2,24,1920x1200,DisplayPort,
DMEWMMULB4,Dell,P2719H,27,1920x1080,DVI,THINKPAD-RB-0371
DML5C77JLU,Dell,P2719H,27,1920x1080,DVI,OPTIPLEX-VZ-0975
HMD47KBNED,HP,E24 G4,24,1920x1080,HDMI,LATITUDE-VZ-0736
DMYY2XE27H,Dell,U2415,24,1920x1200,HDMI,THINKPAD-VZ-0087
DMDF7MDXRC,Dell,P2419H,24,1920x1080,HDMI,OPTIPLEX-VZ-0490
DM4RDP4XXZ,Dell,U2415,24,1920x1200,HDMI,OPTIPLEX-RB-0684
HMPKE9LW5X,HP,E24 G4,24,1920x1080,DisplayPort,THINKCENTRE-VZ-0600
DM9XV5BQBT,Dell,P2719H,27,1920x1080,VGA,OPTIPLEX-VZ-0056
DMK5Y9WYRB,Dell,U2415,24,1920x1200,DisplayPort,OPTIPLEX-RB-0712
HMYCFRGSVQ,HP,Z24n G2,24,1920x1200,VGA,OPTIPLEX-VZ-0118
DM33BLK4YH,Dell,P2419H,24,1920x1080,VGA,OPTIPLEX-RB-0915
DM9WYN8WBG,Dell,P2719H,27,1920x1080,DVI,PRODESK-RB-0964
HMT46TPLRZ,HP,E24 G4,24,1920x1080,DVI,ELITEDESK-VZ-0274
HMGH5WF38C,HP,Z24n G2,24,1920x1200,VGA,THINKPAD-RB-0188
DMM8BGLSKG,Dell,P2419H,24,1920x1080,DVI,
DMXAG3C76D,Dell,P2719H,27,1920x1080,DisplayPort,LATITUDE-RB-0669
HMWNMW9NUS,HP,E24 G4,24,1920x1080,DisplayPort,LATITUDE-RB-0653
DM2KZPWVCN,Dell,P2419H,24,1920x1080,VGA,PROONE-VZ-0784
DMSVPGTQD8,Dell,U2415,24,1920x1200,DisplayPort,OPTIPLEX-VZ-0428
HMQCT9E428,HP,E24 G4,24,1920x1080,DisplayPort,THINKPAD-RB-0011
DMF58XX22T,Dell,U2415,24,1920x1200,DisplayPort,PROONE-RB-0584
DM9XYFPPE9,Dell,U2415,24,1920x1200,HDMI,OPTIPLEX-VZ-0944
DM3VCZG3YW,Dell,P2419H,24,1920x1080,DisplayPort,ALLINONE-RB-0173
DM57PY6FMM,Dell,P2719H,27,1920x1080,DisplayPort,ELITEDESK-VZ-0483
HMHZRVAHJV,HP,E24 G4,24,1920x1080,DVI,OPTIPLEX-VZ-0385
HMZ4KHDR4P,HP,E24 G4,24,1920x1080,DisplayPort,ELITEDESK-RB-0871
HMXR6SZKFM,HP,E24 G4,24,1920x1080,HDMI,OPTIPLEX-RB-0575
DMYMTCJPV4,Dell,P2419H,24,1920x1080,DVI,OPTIPLEX-RB-0466
DM4XJF886T,Dell,P2419H,24,1920x1080,HDMI,ALLINONE-VZ-0166
DMUS976TBY,Dell,P2719H,27,1920x1080,VGA,OPTIPLEX-RB-0229
HMCNN66ERA,HP,E24 G4,24,1920x1080,DisplayPort,OPTIPLEX-RB-0968
HMJGJN8DPZ,HP,Z24n G2,24,1920x1200,DisplayPort,OPTIPLEX-VZ-0604
DM8UEJY4E9,Dell,U2415,24,1920x1200,DVI,PROONE-VZ-0615
HM95WSDK5Y,HP,Z24n G2,24,1920x1200,VGA,OPTIPLEX-VZ-0443
HMDQHFHSUJ,HP,E24 G4,24,1920x1080,DisplayPort,THINKPAD-RB-0371
DMPKGLVT3P,Dell,P2719H,27,1920x1080,HDMI,ELITEDESK-VZ-0201
DM7KS7WWAC,Dell,U2415,24,1920x1200,HDMI,OPTIPLEX-RB-0102
HMUAYAUD99,HP,E24 G4,24,1920x1080,VGA,PROONE-VZ-0643
DMADAQ6587,Dell,P2719H,27,1920x1080,DisplayPort,
DMXTTSNXCN,Dell,P2719H,27,1920x1080,VGA,
HMM4EUG2RZ,HP,Z24n G2,24,1920x1200,HDMI,PRODESK-RB-0454
DM4YRC386M,Dell,P2419H,24,1920x1080,DisplayPort,THINKCENTRE-VZ-0320
DMVS6N8VDL,Dell,P2419H,24,1920x1080,DVI,OPTIPLEX-RB-0933
DM4WYK6W2Y,Dell,U2415,24,1920x1200,VGA,PRODESK-RB-0386
HMZ97KR9TH,HP,Z24n G2,24,1920x1200,HDMI,OPTIPLEX-RB-0231
DM8P6ND34E,Dell,P2419H,24,1920x1080,DVI,PRODESK-VZ-0740
HMFHQDGG3H,HP,Z24n G2,24,1920x1200,DVI,
HMF255GEL3,HP,E24 G4,24,1920x1080,DVI,OPTIPLEX-VZ-0799
DMRD5KCLKE,Dell,P2419H,24,1920x1080,VGA,
DMRKDNZQAL,Dell,P2719H,27,1920x1080,DisplayPort,OPTIPLEX-VZ-0884
HM77L6BD4H,HP,E24 G4,24,1920x1080,HDMI,LATITUDE-RB-0669
DMER8JAVB7,Dell,P2419H,24,1920x1080,DVI,OPTIPLEX-RB-0741
HMFCB3PF8A,HP,Z24n G2,24,1920x1200,DisplayPort,THINKCENTRE-VZ-0176
HMNVDKCANV,HP,E24 G4,24,1920x1080,HDMI,OPTIPLEX-VZ-0514
